sex,length,diameter,height,whole-weight,shucked-weight,viscera-weight,shell-weight,rings
0.0,91.0,73.0,19.0,102.8,44.9,20.2,30.0,15.0
0.0,70.0,53.0,18.0,incons,19.9,9.7,14.0,7.0
1.0,106.0,84.0,27.0,135.4,51.3,28.3,42.0,9.0
0.0,88.0,73.0,incons,103.2,43.1,22.8,-80.625,10.0
3.0,66.0,51.0,16.0,41.0,17.9,7.9,11.0,7.0
,85.0,60.0,19.0,70.3,28.2,15.5,24.0,-55.75
incons,106.0,83.0,30.0,155.5,incons,28.3,66.0,20.0
1.0,109.0,85.0,25.0,153.6,58.8,29.9,,16.0
0.0,95.0,74.0,25.0,101.9,43.3,22.5,33.0,9.0
1.0,110.0,88.0,30.0,178.9,62.9,30.2,64.0,19.0
1.0,105.0,76.0,28.0,121.3,38.8,29.5,42.0,14.0
-63.0,86.0,70.0,22.0,81.2,33.5,16.2,27.0,10.0
0.0,98.0,76.0,27.0,108.3,43.5,19.0,38.0,11.0
1.0,107.0,81.0,29.0,136.9,54.5,34.2,41.0,10.0
1.0,94.0,71.0,20.0,95.1,33.5,16.1,37.0,10.0
0.0,100.0,-59.5,,132.9,51.6,26.6,48.0,12.0
155.0,71.0,56.0,17.0,58.1,19.0,7.9,23.0,incons
1.0,88.0,68.0,20.0,,37.6,,26.0,10.0
incons,73.0,59.0,16.0,51.1,19.4,8.6,20.0,7.0
155.0,90.0,64.0,20.0,76.2,-49.55000000000001,15.0,,incons
0.0,71.0,56.0,19.0,49.1,19.1,12.4,,11.0
3.0,76.0,55.0,20.0,incons,16.0,9.8,17.0,10.0
1.0,113.0,88.0,31.0,187.9,85.5,42.8,54.0,12.0
1.0,incons,83.0,27.0,152.7,63.6,42.0,40.0,9.0
1.0,123.0,96.0,33.0,232.3,102.6,60.2,61.0,10.0
1.0,112.0,88.0,28.0,185.7,76.5,37.6,60.0,incons
1.0,116.0,90.0,37.0,199.1,78.9,54.4,57.0,11.0
,118.0,89.0,28.0,186.2,71.2,incons,56.0,12.0
-63.0,121.0,95.0,36.0,incons,78.8,43.8,59.0,-55.75
0.0,115.0,85.0,28.0,172.7,78.6,45.4,incons,11.0
0.0,116.0,94.0,33.0,199.5,78.7,48.4,66.0,10.0
1.0,136.0,112.0,33.0,327.8,130.25,56.1,92.0,-55.75
0.0,133.0,105.0,33.0,91.65,110.3,71.5,,18.0
1.0,136.0,110.0,incons,359.6,163.0,78.5,91.0,19.0
1.0,141.0,,40.0,341.9,126.6,82.3,98.0,13.0
-63.0,93.0,71.0,,95.9,45.4,24.8,25.0,8.0
1.0,108.0,95.0,31.0,243.4,106.1,61.5,68.0,16.0
1.0,99.20000000000002,71.0,21.0,104.5,47.4,23.3,29.0,-55.75
1.0,115.0,89.0,-85.5,176.6,76.2,40.7,52.0,152.25
0.0,71.0,58.0,18.0,65.5,26.8,-54.750000000000014,18.0,9.0
1.0,90.0,67.0,21.0,85.0,37.3,18.2,23.0,9.0
1.0,110.0,85.0,27.0,170.3,72.4,39.2,54.0,incons
3.0,48.0,35.0,9.0,14.0,6.3,4.7,4.0,5.0
-63.0,41.0,30.0,11.0,8.4,5.1,3.0,2.4,5.0
3.0,42.0,30.0,10.0,91.65,3.5,2.5,3.0,incons
3.0,78.0,59.0,19.0,40.6,17.5,,15.0,-55.75
0.0,94.0,74.0,24.0,115.9,incons,incons,28.0,9.0
1.0,92.0,-59.5,24.0,92.1,35.5,22.0,30.0,7.0
,65.0,49.0,14.0,32.2,15.1,5.1,9.0,6.0
1.0,,,32.0,167.1,130.25,42.7,-80.625,9.0
3.0,104.0,-59.5,24.0,119.0,47.7,22.2,38.0,8.0
0.0,80.0,64.0,19.0,60.6,26.7,12.0,20.0,152.25
0.0,97.0,72.0,incons,108.3,51.9,19.2,32.0,10.0
1.0,94.0,72.0,-85.5,91.65,42.1,21.1,30.0,10.0
0.0,81.0,62.0,20.0,,34.6,18.3,22.0,7.0
1.0,100.0,80.0,28.0,132.3,51.3,35.1,44.0,8.0
0.0,89.0,70.0,24.0,88.5,38.4,19.1,27.0,8.0
0.0,94.0,77.0,27.0,117.9,55.3,,34.0,8.0
3.0,49.0,38.0,12.0,17.2,8.4,2.8,5.0,4.0
1.0,101.0,80.0,25.0,116.6,49.2,26.0,35.0,7.0
0.0,90.0,69.0,168.5,82.3,36.0,22.5,27.0,7.0
0.0,101.0,81.0,22.0,125.0,61.0,32.0,incons,9.0
1.0,106.0,82.0,-85.5,139.3,60.4,38.7,40.0,-55.75
0.0,85.0,65.0,19.0,75.7,34.1,,20.0,7.0
0.0,104.0,80.0,24.0,116.0,46.8,26.3,37.0,8.0
0.0,95.0,71.0,24.0,96.0,46.8,20.3,27.0,8.0
1.0,113.0,170.5,32.0,183.0,70.8,38.7,,12.0
1.0,119.0,99.0,37.0,,83.2,44.8,97.0,13.0
1.0,95.0,incons,24.0,106.1,42.7,23.1,194.375,incons
3.0,62.0,47.0,incons,30.2,-49.55000000000001,8.1,9.0,6.0
0.0,111.0,85.0,26.0,153.3,52.8,incons,55.0,13.0
1.0,,64.0,22.0,70.6,,19.7,20.0,8.0
1.0,119.0,95.0,34.0,249.4,96.0,45.0,incons,
0.0,114.0,96.0,-85.5,237.0,94.8,52.2,76.0,11.0
1.0,121.0,,39.0,219.6,96.2,,63.0,13.0
1.0,,95.0,incons,201.5,88.5,incons,56.0,
0.0,,95.0,-85.5,188.8,72.5,37.8,63.0,152.25
incons,120.0,94.0,,184.4,72.6,38.8,61.0,10.0
1.0,111.0,85.0,28.0,157.6,56.4,-54.750000000000014,57.0,11.0
1.0,-44.400000000000006,95.0,34.0,220.5,93.9,incons,69.0,14.0
1.0,115.0,89.0,28.0,188.2,76.9,50.4,57.0,9.0
0.0,124.0,102.0,35.0,323.0,102.1,38.4,135.0,12.0
1.0,104.0,85.0,33.0,197.7,79.2,45.0,64.0,-55.75
0.0,,95.0,32.0,263.5,81.6,46.8,116.0,21.0
0.0,116.0,170.5,28.0,202.6,76.0,43.2,72.0,14.0
1.0,114.0,93.0,36.0,259.0,67.8,44.5,88.0,12.0
0.0,125.0,93.0,28.0,239.0,96.5,41.0,80.0,13.0
0.0,112.0,88.0,32.0,172.9,66.1,41.5,194.375,10.0
1.0,92.0,71.0,26.0,103.4,44.1,,33.0,9.0
1.0,115.0,90.0,incons,195.5,,46.2,66.0,12.0
,113.0,85.0,27.0,162.3,68.2,33.5,51.0,15.0
0.0,111.0,88.0,30.0,151.0,61.4,,52.0,12.0
incons,119.0,93.0,168.5,91.65,80.3,50.8,78.0,13.0
incons,125.0,99.0,33.0,252.4,101.4,63.6,78.0,10.0
0.0,139.0,112.0,38.0,298.8,117.6,-54.750000000000014,97.0,15.0
0.0,133.0,107.0,incons,321.2,115.1,-54.750000000000014,96.0,14.0
155.0,107.0,87.0,168.5,145.0,53.8,166.05,50.0,9.0
0.0,94.0,75.0,26.0,104.6,42.8,26.4,29.0,8.0
0.0,94.0,74.0,26.0,104.5,40.2,26.6,33.0,7.0
1.0,,75.0,25.0,115.7,,17.0,31.0,10.0
3.0,,53.0,19.0,46.3,21.0,9.2,15.0,7.0
0.0,110.0,87.0,29.0,168.6,65.6,38.3,51.0,15.0
0.0,106.0,87.0,32.0,incons,63.2,32.8,67.0,15.0
0.0,106.0,incons,28.0,144.8,62.1,33.5,41.0,10.0
0.0,121.0,94.0,32.0,91.65,99.5,166.05,69.0,12.0
1.0,,82.0,31.0,145.4,incons,36.7,47.0,12.0
1.0,incons,86.0,33.0,,58.7,36.6,,11.0
1.0,100.0,,25.0,133.5,52.2,26.3,44.0,10.0
1.0,102.0,incons,27.0,126.7,46.2,35.8,,9.0
1.0,87.0,79.0,21.0,72.7,27.2,19.6,26.0,9.0
incons,99.0,79.0,25.0,108.3,47.5,26.9,31.0,incons
0.0,incons,72.0,21.0,86.2,34.4,21.4,35.0,9.0
3.0,87.0,64.0,16.0,66.5,29.7,12.7,21.0,9.0
0.0,85.0,70.0,21.0,78.6,26.0,12.6,incons,9.0
1.0,109.0,82.0,25.0,138.7,59.5,29.2,42.0,11.0
1.0,106.0,83.0,23.0,-42.75000000000001,46.6,31.7,36.0,11.0
1.0,98.0,incons,27.0,122.5,51.1,20.4,44.0,11.0
0.0,88.0,68.0,incons,80.4,incons,,33.0,10.0
1.0,112.0,incons,30.0,176.5,69.3,34.4,62.0,9.0
0.0,81.0,61.0,17.0,52.1,22.9,11.9,17.0,8.0
1.0,94.0,73.0,-53.500000000000014,,32.6,20.7,28.0,9.0
3.0,77.0,59.0,17.0,50.7,20.6,11.5,incons,7.0
1.0,103.0,85.0,168.5,153.2,60.8,34.5,51.0,14.0
0.0,74.0,170.5,15.0,,18.0,-54.750000000000014,14.0,6.0
3.0,72.0,56.0,16.0,,16.2,10.1,14.0,6.0
3.0,54.0,incons,12.0,14.6,5.7,4.7,incons,5.0
3.0,75.0,55.0,incons,47.6,21.5,10.9,incons,6.0
3.0,77.0,58.0,17.0,50.1,22.4,12.2,16.0,152.25
0.0,140.0,107.0,incons,345.1,126.0,52.7,108.0,19.0
0.0,142.0,108.0,33.0,391.8,153.3,52.2,156.0,18.0
0.0,-44.400000000000006,96.0,33.0,252.4,96.7,56.6,,17.0
1.0,88.0,70.0,25.0,80.7,35.0,12.6,25.8,9.0
1.0,65.0,52.0,18.0,-42.75000000000001,17.0,7.2,incons,7.0
3.0,70.0,52.0,19.0,42.2,17.2,11.2,13.6,7.0
3.0,53.0,40.0,13.0,19.5,-49.55000000000001,4.1,5.6,7.0
1.0,85.0,66.0,23.0,81.2,32.7,16.2,27.1,8.0
1.0,61.0,,16.0,31.2,13.5,6.9,9.6,7.0
0.0,,51.0,18.0,40.1,18.8,5.9,12.6,9.0
1.0,,65.0,22.0,71.1,30.2,12.6,23.4,9.0
0.0,75.0,57.0,19.0,50.6,19.2,11.5,18.5,9.0
1.0,113.0,89.0,31.0,165.2,68.2,41.1,49.5,10.0
1.0,110.0,90.0,29.0,148.2,59.0,28.7,53.3,10.0
0.0,130.0,104.0,38.0,268.9,103.8,61.2,incons,16.0
0.0,112.0,91.0,31.0,159.4,68.0,38.0,48.5,
0.0,,75.0,26.0,103.5,41.5,23.3,34.0,10.0
-63.0,98.0,,25.0,incons,-49.55000000000001,21.5,34.8,10.0
0.0,92.0,70.0,24.0,103.0,44.8,21.6,31.3,incons
,incons,,16.0,,10.4,7.8,8.4,
3.0,35.0,26.0,11.0,6.3,2.1,1.3,2.5,5.0
incons,34.0,26.0,19.0,6.0,incons,incons,2.0,4.0
0.0,118.0,,,-42.75000000000001,-49.55000000000001,,65.0,15.0
incons,121.0,100.0,37.0,223.7,130.25,51.7,67.0,9.0
1.0,127.0,103.0,38.0,-42.75000000000001,101.3,61.0,90.0,10.0
1.0,121.0,97.0,32.0,211.3,74.0,47.1,71.0,10.0
1.0,113.0,90.0,27.0,197.7,77.4,29.9,62.0,12.0
0.0,103.0,81.0,26.0,144.4,64.0,26.2,42.0,10.0
1.0,-44.400000000000006,92.0,38.0,198.8,78.4,,-80.625,13.0
0.0,,97.0,43.0,incons,109.2,52.3,127.0,16.0
1.0,116.0,91.0,34.0,181.5,,42.7,57.0,13.0
1.0,115.0,92.0,33.0,224.8,59.7,35.7,incons,13.0
0.0,121.0,,33.0,incons,84.3,49.5,68.0,13.0
1.0,121.0,97.0,32.0,244.4,106.0,51.5,56.0,13.0
0.0,incons,97.0,35.0,248.9,108.8,59.4,69.0,12.0
1.0,145.0,112.0,42.0,428.2,,-54.750000000000014,201.0,18.0
1.0,130.0,109.0,incons,-42.75000000000001,112.1,57.9,163.0,152.25
155.0,145.0,114.0,38.0,510.0,214.1,96.6,145.0,14.0
incons,incons,115.0,35.0,424.8,153.0,,-80.625,20.0
1.0,136.0,114.0,41.0,368.4,125.0,81.6,130.0,20.0
0.0,141.0,112.0,44.0,396.2,163.5,61.7,152.0,14.0
1.0,136.0,103.0,35.0,323.7,102.5,81.8,124.0,12.0
0.0,139.0,110.0,43.0,391.3,142.5,108.2,118.0,14.0
1.0,106.0,79.0,29.0,155.0,61.6,33.8,51.0,7.0
0.0,105.0,-59.5,31.0,213.0,97.2,46.6,57.0,8.0
1.0,104.0,81.0,incons,incons,64.0,36.9,44.0,8.0
3.0,47.0,32.0,8.0,9.6,3.7,incons,3.0,5.0
3.0,72.0,52.0,18.0,,12.9,7.4,194.375,7.0
3.0,63.0,42.0,12.0,25.0,12.0,7.5,incons,5.0
-63.0,63.0,49.0,17.0,28.7,,9.5,10.0,8.0
3.0,45.0,32.0,9.0,,5.0,3.0,,4.0
0.0,116.0,95.0,30.0,194.0,77.0,43.3,70.0,11.0
0.0,114.0,96.0,36.0,187.9,79.8,40.0,59.0,14.0
0.0,128.0,incons,35.0,273.6,103.0,53.2,114.0,21.0
-63.0,112.0,90.0,32.0,204.7,85.8,53.6,60.0,10.0
1.0,124.0,95.0,35.0,203.3,87.1,42.8,65.0,10.0
1.0,129.0,102.0,40.0,313.5,130.25,,92.0,12.0
0.0,124.0,98.0,168.5,243.6,109.1,59.3,71.0,13.0
1.0,,96.0,30.0,210.5,78.4,67.2,57.0,12.0
1.0,126.0,100.0,37.0,276.6,108.0,66.3,76.0,10.0
155.0,126.0,96.0,32.0,239.8,105.3,67.0,63.0,11.0
incons,117.0,92.0,34.0,186.5,73.0,54.2,58.0,9.0
0.0,123.0,96.0,36.0,231.9,96.9,43.3,194.375,13.0
0.0,122.0,97.0,incons,204.5,83.8,48.1,incons,12.0
0.0,99.20000000000002,90.0,incons,185.4,55.2,36.3,72.0,14.0
3.0,71.0,55.0,17.0,44.0,18.4,12.0,30.0,8.0
1.0,102.0,170.5,28.0,162.9,91.8,39.3,194.375,10.0
0.0,100.0,81.0,31.0,154.4,,30.7,,12.0
1.0,101.0,82.0,30.0,,57.0,29.0,,incons
0.0,128.0,100.0,37.0,260.7,88.9,52.7,93.0,16.0
0.0,incons,90.0,32.0,184.4,86.4,35.6,52.0,15.0
0.0,117.0,92.0,37.0,184.4,,42.6,57.0,10.0
1.0,90.0,,incons,83.3,33.1,19.0,27.0,9.0
0.0,100.0,80.0,33.0,165.0,50.8,41.0,57.0,13.0
1.0,100.0,80.0,29.0,91.65,46.8,29.3,46.0,12.0
1.0,106.0,87.0,34.0,incons,59.7,31.0,55.0,13.0
0.0,-44.400000000000006,,23.0,73.8,34.2,14.2,24.0,8.0
1.0,88.0,68.0,28.0,96.4,,21.7,32.0,9.0
3.0,incons,60.0,,63.0,21.8,13.4,24.0,9.0
3.0,87.0,,22.0,75.9,29.9,17.0,incons,-55.75
,105.0,incons,34.0,166.5,-49.55000000000001,33.7,62.0,13.0
155.0,74.0,56.0,19.0,53.1,24.4,incons,16.0,
1.0,98.0,73.0,29.0,126.9,39.9,32.5,44.0,
0.0,67.0,50.0,18.0,36.2,15.1,8.3,12.0,7.0
1.0,83.0,65.0,168.5,76.0,31.9,15.7,24.0,12.0
,100.0,-59.5,28.0,,48.2,27.1,41.0,9.0
1.0,97.0,79.0,,132.0,incons,25.6,47.0,14.0
0.0,110.0,81.0,28.0,91.65,48.8,32.7,51.0,10.0
0.0,90.0,70.0,26.0,92.0,34.8,22.2,27.0,8.0
3.0,81.0,60.0,24.0,incons,25.3,14.0,22.0,7.0
0.0,94.0,72.0,27.0,100.2,33.3,incons,33.0,10.0
1.0,83.0,incons,26.0,64.0,26.1,15.1,21.0,8.0
1.0,89.0,65.0,25.0,91.0,35.7,22.5,28.0,9.0
1.0,94.0,70.0,29.0,103.5,37.4,24.7,36.0,11.0
,98.0,75.0,30.0,115.1,44.0,28.8,38.0,9.0
1.0,89.0,71.0,30.0,97.0,36.2,25.0,31.0,11.0
,85.0,76.0,21.0,65.3,25.7,15.7,20.0,10.0
1.0,100.0,incons,27.0,90.0,34.3,21.1,31.0,9.0
1.0,78.0,58.0,25.0,61.1,24.2,-54.750000000000014,18.0,7.0
3.0,incons,54.0,17.0,41.0,15.6,9.7,14.0,7.0
1.0,116.0,93.0,33.0,220.3,80.8,41.9,70.0,11.0
1.0,106.0,83.0,168.5,156.6,58.7,31.6,49.0,15.0
155.0,111.0,incons,27.0,167.2,67.2,32.5,55.0,13.0
0.0,113.0,88.0,incons,180.5,62.0,38.6,65.0,14.0
0.0,125.0,101.0,43.0,289.1,incons,57.4,87.0,22.0
,55.0,43.0,15.0,23.1,9.7,,incons,7.0
3.0,88.0,70.0,27.0,87.0,36.3,16.6,25.0,12.0
3.0,59.0,45.0,16.0,24.8,9.7,6.4,8.0,9.0
3.0,15.0,11.0,2.0,0.4,,0.1,,1.0
3.0,-44.400000000000006,20.0,6.0,2.6,0.9,0.6,0.8,incons
3.0,22.0,18.0,6.0,1.6,,0.4,0.6,incons
3.0,incons,24.0,7.0,4.2,1.5,0.9,1.0,5.0
0.0,113.0,85.0,32.0,188.5,69.9,166.05,55.0,17.0
3.0,54.0,40.0,14.0,20.0,6.8,4.9,incons,5.0
3.0,46.0,35.0,13.0,12.9,5.2,2.1,4.0,5.0
3.0,60.0,46.0,16.0,25.5,8.7,5.3,8.0,8.0
3.0,66.0,51.0,17.0,,12.6,7.8,12.0,8.0
3.0,70.0,52.0,17.0,34.8,14.1,6.9,12.0,10.0
incons,64.0,49.0,16.0,,12.7,6.5,10.0,13.0
3.0,72.0,55.0,17.0,39.5,14.9,8.3,14.0,9.0
3.0,61.0,49.0,,31.2,13.5,7.6,9.0,7.0
3.0,incons,54.0,22.0,,16.4,10.9,14.0,7.0
3.0,66.0,50.0,21.0,34.3,13.1,,12.0,7.0
0.0,118.0,incons,36.0,224.7,84.1,56.1,72.0,-55.75
,119.0,91.0,31.0,incons,102.7,43.3,60.0,12.0
1.0,115.0,92.0,incons,-42.75000000000001,89.7,43.4,69.0,15.0
0.0,120.0,99.0,33.0,248.3,97.0,55.5,68.0,15.0
0.0,112.0,90.0,35.0,202.2,76.7,41.3,74.0,15.0
0.0,112.0,90.0,37.0,incons,76.1,35.0,82.0,19.0
0.0,109.0,92.0,incons,,68.2,33.1,incons,10.0
1.0,127.0,101.0,34.0,283.0,121.0,incons,73.0,15.0
1.0,118.0,95.0,32.0,220.3,95.5,51.1,59.0,13.0
1.0,108.0,95.0,31.0,185.6,78.8,38.8,52.0,-55.75
1.0,114.0,88.0,25.0,173.0,73.5,34.5,54.0,12.0
,106.0,84.0,33.0,178.9,130.25,47.8,49.0,11.0
incons,49.0,-59.5,12.0,19.0,8.9,4.9,5.2,
0.0,54.0,-59.5,-85.5,24.1,9.3,5.6,8.0,6.0
1.0,92.0,76.0,26.0,127.8,60.0,30.5,32.0,11.0
0.0,104.0,90.0,30.0,179.0,,37.2,47.0,14.0
,70.0,55.0,22.0,58.5,24.5,12.7,18.1,8.0
0.0,94.0,,30.0,127.1,43.7,17.7,51.0,9.0
-63.0,90.0,incons,25.0,99.9,40.7,20.0,34.0,152.25
1.0,128.0,105.0,43.0,355.8,90.7,57.1,110.0,22.0
0.0,118.0,100.0,40.0,237.4,,54.1,74.0,16.0
0.0,124.0,97.0,41.0,243.8,77.5,50.1,77.0,14.0
0.0,126.0,101.0,45.0,305.0,112.0,66.7,90.0,15.0
0.0,126.0,103.0,31.0,-42.75000000000001,82.1,39.4,,13.0
0.0,131.0,108.0,43.0,368.8,148.5,65.4,117.0,22.0
1.0,132.0,106.0,,269.7,98.6,49.0,98.0,12.0
0.0,122.0,incons,48.0,328.4,106.4,66.9,138.0,18.0
0.0,,105.0,41.0,296.8,,62.3,194.375,20.0
1.0,103.0,85.0,27.0,142.4,53.3,32.1,50.0,11.0
155.0,107.0,83.0,37.0,168.3,62.8,31.7,60.0,15.0
3.0,72.0,57.0,incons,48.3,18.3,11.4,15.0,7.0
1.0,91.0,71.0,24.0,89.9,35.4,20.8,30.0,9.0
0.0,97.0,79.0,28.0,125.9,45.7,25.4,45.0,14.0
0.0,103.0,76.0,35.0,191.3,130.25,31.6,-80.625,14.0
,107.0,83.0,34.0,incons,59.0,39.3,57.0,10.0
0.0,incons,87.0,,139.8,57.6,31.9,41.0,10.0
1.0,99.0,80.0,31.0,,48.4,166.05,incons,17.0
0.0,88.0,71.0,incons,95.5,26.4,16.3,38.0,9.0
1.0,107.0,87.0,32.0,incons,incons,35.9,48.0,10.0
0.0,99.20000000000002,87.0,,199.2,76.7,45.2,65.0,17.0
1.0,113.0,101.0,42.0,255.3,incons,55.8,incons,12.0
0.0,122.0,95.0,33.0,223.2,85.6,44.1,63.0,15.0
incons,113.0,91.0,35.0,202.6,68.4,41.4,70.0,incons
0.0,120.0,99.0,39.0,211.5,76.8,38.0,75.0,incons
3.0,,43.0,17.0,25.6,9.8,6.8,8.0,6.0
3.0,55.0,41.0,15.0,22.1,-49.55000000000001,5.7,7.0,6.0
3.0,56.0,42.0,17.0,-42.75000000000001,7.8,5.9,6.0,4.0
incons,98.0,,28.0,109.8,44.3,166.05,,11.0
0.0,74.0,56.0,21.0,46.8,18.1,11.7,15.0,9.0
155.0,-44.400000000000006,61.0,incons,69.7,29.1,17.9,20.0,9.0
155.0,108.0,87.0,35.0,178.4,64.4,34.8,67.0,
incons,74.0,56.0,20.0,,21.3,11.9,14.8,8.0
0.0,72.0,54.0,20.0,43.4,17.7,9.9,14.3,6.0
1.0,incons,72.0,168.5,94.4,-49.55000000000001,,194.375,10.0
3.0,40.0,29.0,12.0,7.4,130.25,1.9,2.2,4.0
3.0,33.0,24.0,6.0,4.3,1.4,1.0,,3.0
0.0,129.0,103.0,48.0,308.3,94.2,73.8,107.0,13.0
0.0,110.0,incons,incons,152.1,50.1,,39.0,14.0
0.0,114.0,87.0,,181.1,78.5,47.1,55.0,10.0
155.0,126.0,97.0,38.0,248.7,92.7,,incons,21.0
0.0,112.0,170.5,28.0,194.2,88.6,40.9,53.0,14.0
0.0,incons,170.5,incons,266.1,-49.55000000000001,64.7,69.0,19.0
1.0,124.0,94.0,40.0,245.1,76.2,54.0,87.0,23.0
0.0,-44.400000000000006,97.0,35.0,260.0,86.7,58.9,-80.625,23.0
3.0,90.0,71.0,22.0,91.7,incons,13.4,28.0,8.0
-63.0,127.0,107.0,38.0,248.4,115.2,49.5,78.0,14.0
0.0,90.0,70.0,20.0,73.5,29.3,20.3,24.0,10.0
1.0,116.0,91.0,31.0,167.3,63.0,27.7,64.0,18.0
3.0,66.0,51.0,19.0,34.4,13.2,5.1,12.0,
3.0,53.0,42.0,incons,19.3,8.5,4.4,incons,5.0
3.0,38.0,incons,8.0,7.6,3.3,1.3,3.0,4.0
incons,77.0,62.0,20.0,56.9,21.3,15.0,20.0,11.0
155.0,53.0,41.0,14.0,21.1,7.8,8.2,7.0,5.0
0.0,67.0,53.0,21.0,44.4,,11.2,15.0,7.0
3.0,71.0,55.0,18.0,50.2,19.4,,16.0,7.0
3.0,-44.400000000000006,51.0,20.0,35.1,14.6,8.3,13.0,-55.75
0.0,102.0,80.0,incons,128.7,54.0,33.3,41.0,12.0
0.0,72.0,59.0,21.0,48.2,incons,10.6,incons,8.0
3.0,72.0,56.0,18.0,45.1,17.7,8.0,18.0,8.0
0.0,100.0,76.0,31.0,119.1,42.7,32.2,40.0,12.0
1.0,80.0,65.0,24.0,63.7,26.8,11.3,19.0,8.0
3.0,60.0,44.0,16.0,24.2,9.5,8.4,7.0,incons
3.0,47.0,35.0,8.0,14.1,130.25,3.0,4.0,5.0
1.0,148.0,120.0,39.0,394.8,119.6,81.7,142.0,16.0
0.0,124.0,incons,38.0,incons,114.1,incons,71.0,11.0
155.0,120.0,95.0,38.0,217.5,80.6,53.1,65.0,14.0
0.0,118.0,90.0,37.0,256.6,,55.2,85.0,16.0
0.0,124.0,95.0,37.0,265.0,120.9,65.0,66.0,13.0
1.0,113.0,incons,39.0,200.7,incons,50.1,57.0,-55.75
0.0,115.0,91.0,29.0,incons,130.25,45.5,60.0,14.0
1.0,124.0,,41.0,269.5,95.5,51.3,96.0,14.0
0.0,124.0,93.0,37.0,254.8,115.8,61.3,,12.0
1.0,101.0,75.0,incons,incons,46.5,29.9,,12.0
1.0,92.0,85.0,31.0,incons,60.1,30.4,48.0,8.0
0.0,incons,78.0,28.0,,55.9,43.7,36.0,13.0
1.0,105.0,84.0,32.0,151.2,54.9,34.6,55.0,
3.0,68.0,52.0,16.0,40.0,16.0,incons,11.0,6.0
3.0,75.0,61.0,23.0,54.3,18.4,14.8,18.0,8.0
0.0,122.0,96.0,30.0,240.0,130.25,49.1,56.0,14.0
1.0,122.0,99.0,37.0,incons,107.2,58.1,49.0,8.0
incons,117.0,,-85.5,173.7,66.5,32.7,54.0,22.0
0.0,,92.0,28.0,190.7,,41.3,49.0,12.0
0.0,116.0,91.0,34.0,186.0,81.6,51.8,44.0,
0.0,127.0,103.0,34.0,255.0,101.8,57.2,68.0,16.0
0.0,140.0,116.0,41.0,426.0,148.3,98.0,-80.625,20.0
0.0,135.0,105.0,37.0,317.4,138.7,67.2,79.0,13.0
1.0,-44.400000000000006,105.0,38.0,,140.7,77.7,79.0,18.0
0.0,149.0,117.0,43.0,499.8,185.3,,140.0,17.0
1.0,137.0,incons,-85.5,353.6,149.9,78.4,,16.0
0.0,121.0,98.0,,245.4,96.0,57.4,70.0,18.0
,118.0,93.0,30.0,199.4,78.4,49.2,-80.625,12.0
1.0,130.0,105.0,35.0,284.5,122.0,59.9,89.0,incons
1.0,99.20000000000002,96.0,30.0,205.8,incons,54.1,59.0,16.0
incons,124.0,incons,35.0,incons,incons,60.3,70.0,12.0
0.0,126.0,103.0,32.0,203.2,84.3,48.8,71.0,19.0
0.0,incons,93.0,29.0,177.4,88.1,33.1,53.0,11.0
1.0,116.0,91.0,24.0,214.7,95.8,54.7,53.0,10.0
0.0,126.0,98.0,36.0,226.0,91.6,55.3,63.0,12.0
1.0,138.0,112.0,43.0,343.8,136.0,59.8,94.0,17.0
1.0,130.0,109.0,33.0,313.2,132.9,69.1,83.0,16.0
1.0,132.0,113.0,39.0,91.65,138.4,65.3,,16.0
1.0,136.0,116.0,40.0,357.4,117.0,90.6,120.0,19.0
1.0,140.0,incons,34.0,91.65,101.9,-54.750000000000014,84.0,14.0
0.0,137.0,incons,30.0,-42.75000000000001,incons,58.4,80.0,13.0
1.0,135.0,109.0,39.0,346.9,136.9,73.9,121.0,20.0
0.0,126.0,98.0,38.0,235.5,98.7,67.3,57.0,-55.75
1.0,117.0,90.0,32.0,215.4,99.9,57.5,194.375,10.0
0.0,113.0,93.0,35.0,199.0,77.9,36.6,74.0,15.0
1.0,122.0,99.0,37.0,221.7,74.1,62.7,66.0,12.0
0.0,121.0,94.0,36.0,228.1,-49.55000000000001,56.1,77.0,152.25
0.0,107.0,84.0,29.0,158.2,66.0,37.8,50.0,10.0
0.0,97.0,80.0,incons,132.6,62.6,27.4,40.0,10.0
0.0,94.0,75.0,24.0,111.3,45.2,166.05,,12.0
0.0,109.0,85.0,27.0,168.9,74.6,42.0,47.0,10.0
1.0,91.0,74.0,21.0,98.5,43.2,24.9,27.0,9.0
0.0,108.0,84.0,31.0,147.7,70.3,30.4,43.0,incons
0.0,92.0,76.0,27.0,96.4,41.4,166.05,29.0,10.0
0.0,98.0,incons,25.0,121.8,47.8,28.7,44.0,14.0
3.0,-44.400000000000006,75.0,24.0,94.2,44.4,23.8,28.0,9.0
3.0,,65.0,20.0,64.3,30.7,11.9,21.0,10.0
0.0,95.0,75.0,25.0,118.6,55.4,23.0,36.0,10.0
1.0,94.0,75.0,25.0,112.3,incons,incons,36.0,10.0
incons,73.0,59.0,19.0,50.0,21.5,10.9,16.0,9.0
3.0,69.0,55.0,19.0,39.9,15.1,10.7,14.0,6.0
3.0,incons,,20.0,,23.2,12.8,23.0,11.0
1.0,100.0,-59.5,28.0,143.1,63.3,35.2,48.0,10.0
0.0,94.0,76.0,29.0,117.3,47.7,28.8,37.0,8.0
0.0,107.0,88.0,30.0,incons,51.2,27.8,52.0,12.0
0.0,117.0,-59.5,30.0,,87.1,41.5,62.0,11.0
1.0,97.0,73.0,24.0,,54.0,26.2,35.0,9.0
0.0,103.0,91.0,27.0,144.5,59.0,32.5,47.0,9.0
,87.0,65.0,22.0,86.7,35.6,19.7,31.0,7.0
1.0,103.0,83.0,28.0,138.7,62.3,30.4,40.0,
155.0,88.0,69.0,24.0,73.0,33.1,16.6,incons,7.0
1.0,105.0,88.0,30.0,168.5,73.7,39.7,48.0,12.0
0.0,90.0,71.0,incons,95.8,42.5,20.9,30.0,8.0
0.0,118.0,97.0,24.0,182.2,78.0,166.05,-80.625,16.0
,,90.0,incons,183.0,80.0,49.2,57.0,152.25
-63.0,114.0,,19.0,165.4,67.9,44.3,47.0,8.0
0.0,incons,100.0,,220.9,91.3,48.5,68.0,incons
0.0,117.0,95.0,24.0,189.0,82.0,42.3,56.0,14.0
1.0,116.0,92.0,24.0,198.7,92.5,47.7,,11.0
,109.0,88.0,,incons,69.5,34.3,48.0,12.0
1.0,121.0,99.0,incons,247.7,105.6,49.3,78.0,14.0
1.0,124.0,94.0,28.0,incons,72.1,44.8,72.0,15.0
1.0,126.0,100.0,34.0,262.7,111.9,53.4,80.0,20.0
0.0,-44.400000000000006,170.5,33.0,270.4,97.6,69.8,90.0,152.25
1.0,126.0,100.0,incons,201.0,73.4,39.8,72.0,16.0
0.0,109.0,82.0,28.0,125.0,44.6,32.0,,13.0
1.0,134.0,108.0,33.0,300.3,103.6,71.6,101.0,14.0
,98.0,76.0,24.0,105.8,43.3,27.8,31.0,incons
1.0,98.0,78.0,-85.5,-42.75000000000001,49.3,24.6,40.0,13.0
3.0,58.0,45.0,14.0,91.65,7.2,4.7,7.0,8.0
3.0,52.0,40.0,14.0,18.4,7.4,4.0,6.0,6.0
0.0,116.0,90.0,35.0,213.6,85.0,40.6,64.0,13.0
incons,122.0,97.0,33.0,218.3,78.7,48.7,66.0,18.0
-63.0,120.0,100.0,32.0,203.0,79.9,34.7,66.0,19.0
1.0,112.0,incons,25.0,188.6,68.8,25.8,75.0,21.0
1.0,115.0,90.0,34.0,209.5,75.5,34.1,77.0,18.0
155.0,114.0,90.0,35.0,91.65,incons,incons,59.0,18.0
0.0,120.0,94.0,31.0,207.2,87.5,39.2,65.0,20.0
0.0,113.0,91.0,34.0,181.3,68.4,31.2,64.0,18.0
0.0,109.0,84.0,28.0,incons,-49.55000000000001,26.0,51.0,22.0
3.0,88.0,69.0,20.0,73.2,24.4,18.1,,13.0
0.0,100.0,82.0,30.0,,56.3,27.4,44.0,11.0
3.0,72.0,55.0,19.0,43.4,16.8,8.7,18.0,
3.0,77.0,61.0,19.0,50.4,18.3,11.0,18.0,14.0
0.0,78.0,60.0,18.0,61.1,28.6,12.9,17.0,9.0
0.0,,83.0,-85.5,137.7,49.8,27.6,50.0,13.0
3.0,72.0,55.0,22.0,46.7,19.0,10.5,17.0,10.0
3.0,67.0,52.0,20.0,38.4,15.7,11.7,14.0,8.0
1.0,101.0,85.0,28.0,170.0,55.0,32.5,57.0,19.0
3.0,79.0,59.0,20.0,54.3,26.8,,194.375,10.0
1.0,82.0,65.0,21.0,91.65,31.8,15.4,24.0,10.0
incons,112.0,91.0,38.0,142.8,56.6,25.8,incons,
0.0,,87.0,37.0,196.3,65.8,27.2,78.0,13.0
0.0,113.0,91.0,37.0,185.3,incons,31.5,75.0,16.0
0.0,121.0,100.0,35.0,219.6,incons,46.4,75.0,12.0
1.0,113.0,91.0,30.0,164.1,73.0,31.8,52.0,18.0
0.0,145.0,113.0,43.0,378.2,139.5,94.5,116.0,-55.75
1.0,135.0,107.0,32.0,282.0,118.4,63.5,84.0,
1.0,133.0,111.0,39.0,,116.2,70.8,72.0,17.0
,113.0,98.0,31.0,184.9,81.0,43.9,51.0,
1.0,129.0,110.0,incons,91.65,114.0,incons,66.0,-55.75
,incons,94.0,28.0,167.5,69.7,34.7,48.0,11.0
1.0,128.0,108.0,35.0,91.65,102.0,51.8,78.0,
3.0,72.0,56.0,21.0,-42.75000000000001,13.9,9.0,16.0,9.0
3.0,83.0,62.0,22.0,59.3,24.6,11.4,19.9,10.0
1.0,105.0,82.0,27.0,141.7,58.6,30.5,47.0,11.0
incons,76.0,57.0,20.0,53.3,23.0,12.2,15.0,11.0
1.0,117.0,93.0,34.0,198.3,77.3,44.8,53.0,12.0
3.0,48.0,37.0,14.0,14.3,5.2,,5.0,6.0
3.0,44.0,33.0,11.0,-42.75000000000001,4.3,2.4,4.0,5.0
3.0,51.0,-59.5,14.0,14.7,5.1,4.0,5.0,6.0
3.0,35.0,170.5,,91.65,1.6,0.7,1.6,5.0
1.0,134.0,110.0,38.0,91.65,108.5,60.7,80.0,12.0
0.0,131.0,106.0,39.0,,113.4,54.7,82.0,13.0
1.0,136.0,110.0,42.0,348.9,119.5,61.0,incons,17.0
0.0,135.0,,incons,,109.0,53.3,93.0,21.0
-63.0,106.0,,27.0,156.7,62.6,34.3,43.7,9.0
1.0,103.0,81.0,24.0,129.2,57.9,28.1,35.4,incons
3.0,86.0,68.0,24.0,,30.2,12.9,20.9,9.0
1.0,104.0,81.0,24.0,125.4,52.9,28.3,36.2,11.0
1.0,109.0,83.0,32.0,154.3,54.4,29.1,55.3,10.0
0.0,106.0,83.0,incons,,-49.55000000000001,,52.9,17.0
,93.0,70.0,23.0,84.2,31.3,incons,26.9,9.0
0.0,,108.0,35.0,269.4,99.1,50.8,83.0,17.0
,147.0,118.0,45.0,351.2,127.4,68.1,116.0,
0.0,incons,109.0,37.0,91.65,106.1,52.7,91.0,16.0
1.0,140.0,117.0,37.0,361.5,141.1,64.3,95.0,incons
0.0,115.0,80.0,31.0,186.5,72.1,48.9,incons,17.0
0.0,114.0,incons,25.0,169.8,75.7,35.3,48.0,15.0
1.0,116.0,92.0,30.0,incons,85.8,42.4,52.0,incons
0.0,incons,96.0,29.0,202.3,84.7,47.4,incons,12.0
1.0,117.0,93.0,28.0,incons,76.2,32.3,63.0,13.0
0.0,110.0,90.0,26.0,91.65,75.6,,,11.0
,incons,103.0,incons,248.3,104.7,61.3,incons,15.0
0.0,108.0,84.0,27.0,161.5,69.7,35.9,47.0,-55.75
1.0,incons,,33.0,,88.0,43.9,57.0,14.0
incons,118.0,91.0,29.0,214.6,95.0,38.0,57.0,14.0
0.0,116.0,92.0,incons,184.2,71.4,36.2,-80.625,13.0
1.0,131.0,102.0,31.0,257.9,106.9,57.1,82.0,11.0
0.0,,106.0,35.0,252.7,97.2,52.7,83.0,15.0
0.0,125.0,100.0,39.0,273.8,117.5,43.7,incons,17.0
incons,125.0,100.0,30.0,190.6,68.9,44.7,61.0,15.0
1.0,128.0,104.0,35.0,249.6,84.9,51.9,incons,152.25
1.0,incons,97.0,33.0,202.1,87.0,41.8,incons,19.0
,123.0,,31.0,207.7,85.4,46.3,69.0,11.0
0.0,111.0,incons,35.0,incons,65.5,40.4,61.0,10.0
1.0,,88.0,incons,170.8,73.3,32.7,49.0,12.0
1.0,124.0,104.0,168.5,incons,75.6,54.0,79.0,23.0
1.0,124.0,94.0,45.0,,75.6,42.9,72.0,15.0
1.0,120.0,101.0,38.0,,87.7,51.2,72.0,13.0
1.0,125.0,97.0,38.0,234.9,87.7,46.1,84.0,17.0
0.0,120.0,94.0,35.0,221.0,97.3,49.4,63.0,15.0
0.0,112.0,incons,47.0,167.9,66.5,31.4,61.0,12.0
0.0,99.20000000000002,91.0,45.0,211.0,76.3,44.2,73.0,
0.0,112.0,87.0,36.0,177.8,,166.05,50.0,incons
-63.0,112.0,89.0,31.0,174.7,60.1,166.05,55.0,16.0
3.0,136.0,106.0,,221.9,87.8,49.0,68.0,10.0
1.0,91.0,70.0,28.0,103.7,44.2,25.3,27.0,10.0
,98.0,76.0,29.0,91.65,49.8,36.2,42.0,10.0
0.0,62.0,44.0,17.0,29.2,12.2,7.3,9.0,6.0
1.0,55.0,39.0,14.0,16.0,6.2,4.3,5.0,5.0
0.0,54.0,incons,16.0,20.0,7.7,3.9,6.0,6.0
0.0,80.0,58.0,incons,55.9,-49.55000000000001,11.5,15.0,9.0
0.0,56.0,,incons,18.3,6.6,4.3,6.0,5.0
0.0,65.0,46.0,18.0,29.4,12.0,6.8,9.0,
1.0,69.0,50.0,18.0,40.6,15.6,166.05,11.0,6.0
0.0,42.0,30.0,10.0,7.7,3.1,1.7,2.0,-55.75
1.0,72.0,54.0,18.0,37.7,incons,7.7,11.0,5.0
3.0,73.0,52.0,23.0,43.6,18.7,8.9,14.0,9.0
0.0,40.0,28.0,11.0,7.0,2.9,,2.0,5.0
0.0,47.0,32.0,12.0,10.9,5.3,1.9,3.0,4.0
0.0,35.0,25.0,8.0,91.65,1.9,1.2,1.0,4.0
0.0,31.0,22.0,8.0,3.1,1.3,0.6,1.0,3.0
1.0,114.0,89.0,31.0,146.6,56.4,31.8,47.0,14.0
1.0,114.0,90.0,32.0,194.3,79.3,51.0,incons,12.0
155.0,77.0,60.0,19.0,48.0,17.7,11.8,17.0,9.0
3.0,106.0,84.0,37.0,,59.8,31.2,,20.0
incons,99.20000000000002,incons,26.0,-42.75000000000001,130.25,21.1,26.0,13.0
3.0,94.0,74.0,24.0,94.1,,21.1,31.0,12.0
1.0,,67.0,22.0,76.0,33.9,,22.0,9.0
,94.0,74.0,28.0,99.7,41.9,24.5,29.0,10.0
3.0,93.0,76.0,26.0,,37.9,16.0,31.0,incons
3.0,104.0,81.0,28.0,,40.0,29.0,35.8,11.0
0.0,58.0,46.0,-85.5,23.3,8.6,5.1,8.0,7.0
0.0,55.0,41.0,14.0,18.8,,incons,6.5,5.0
incons,75.0,58.0,23.0,incons,18.6,13.2,17.7,10.0
1.0,100.0,75.0,28.0,120.8,48.4,28.3,35.8,15.0
1.0,88.0,71.0,23.0,83.0,incons,18.5,26.2,11.0
0.0,84.0,65.0,23.0,57.7,20.0,11.4,22.7,15.0
0.0,89.0,70.0,23.0,72.3,31.3,13.9,23.4,8.0
incons,76.0,58.0,21.0,51.4,19.8,10.2,17.0,10.0
,64.0,49.0,15.0,31.1,incons,7.6,incons,11.0
0.0,incons,-59.5,13.0,16.0,6.3,3.6,5.4,8.0
0.0,41.0,31.0,9.0,,3.4,1.1,3.1,7.0
1.0,-44.400000000000006,90.0,32.0,159.0,72.1,,46.0,12.0
3.0,111.0,85.0,36.0,175.0,73.9,40.1,51.0,-55.75
3.0,130.0,103.0,32.0,232.5,99.0,40.6,66.0,17.0
3.0,123.0,incons,31.0,197.7,82.9,39.0,69.0,-55.75
3.0,,88.0,33.0,91.65,,34.7,50.0,12.0
3.0,96.0,-59.5,24.0,102.8,41.5,26.2,31.0,13.0
,97.0,78.0,25.0,118.2,57.4,28.2,24.0,9.0
3.0,100.0,77.0,30.0,125.3,52.1,33.3,32.0,10.0
3.0,105.0,81.0,30.0,159.0,61.5,41.0,51.0,14.0
1.0,,100.0,33.0,238.1,91.7,59.6,74.0,12.0
1.0,132.0,170.5,168.5,265.2,103.8,52.5,88.0,13.0
3.0,104.0,80.0,29.0,,53.4,21.1,44.0,13.0
1.0,88.0,68.0,21.0,incons,29.6,16.1,,8.0
3.0,103.0,,incons,incons,54.1,35.8,34.0,13.0
1.0,95.0,incons,,90.4,34.3,18.4,31.0,11.0
1.0,109.0,83.0,30.0,146.7,55.9,32.6,43.7,11.0
1.0,incons,71.0,26.0,109.3,,25.2,37.0,14.0
incons,70.0,170.5,13.0,35.8,14.1,incons,12.0,10.0
3.0,97.0,71.0,26.0,116.2,-49.55000000000001,26.4,33.6,12.0
3.0,87.0,,25.0,incons,33.7,21.1,19.2,12.0
0.0,56.0,incons,16.0,21.7,8.2,5.3,6.9,7.0
1.0,99.20000000000002,64.0,23.0,77.4,33.0,20.1,19.7,11.0
3.0,90.0,incons,28.0,94.8,42.0,21.8,25.5,
3.0,90.0,69.0,27.0,,39.5,17.5,23.5,14.0
1.0,118.0,91.0,31.0,213.2,76.4,45.5,83.0,20.0
1.0,114.0,88.0,-85.5,190.7,75.7,40.2,61.0,17.0
3.0,122.0,95.0,30.0,193.3,82.9,40.0,69.0,10.0
1.0,122.0,95.0,28.0,226.6,105.5,47.1,70.0,11.0
incons,112.0,85.0,28.0,183.5,80.1,39.5,incons,
1.0,117.0,87.0,35.0,196.4,81.1,49.9,54.0,10.0
3.0,99.20000000000002,89.0,30.0,177.3,130.25,41.8,51.0,11.0
1.0,126.0,96.0,35.0,273.5,100.3,60.7,103.0,-55.75
1.0,125.0,98.0,35.0,246.6,111.3,incons,73.0,11.0
3.0,110.0,85.0,30.0,161.2,75.2,34.2,49.0,14.0
-63.0,,105.0,,292.7,132.3,68.7,87.0,19.0
3.0,92.0,71.0,-85.5,98.7,43.2,26.6,23.0,152.25
1.0,82.0,61.0,20.0,72.6,,13.0,22.0,11.0
3.0,99.0,78.0,25.0,incons,56.8,32.4,incons,11.0
3.0,104.0,170.5,34.0,136.1,56.0,,39.0,10.0
1.0,99.20000000000002,82.0,29.0,,61.9,38.1,50.0,13.0
incons,90.0,67.0,-85.5,92.5,32.8,incons,30.0,incons
1.0,81.0,incons,24.0,incons,27.6,11.6,19.0,13.0
3.0,102.0,80.0,-85.5,149.0,57.3,,47.0,13.0
1.0,74.0,58.0,23.0,50.0,22.2,11.4,15.0,9.0
incons,,-59.5,35.0,91.65,71.7,41.4,41.0,incons
155.0,132.0,incons,36.0,,105.2,59.5,84.0,
0.0,107.0,84.0,30.0,139.9,51.5,30.6,48.0,12.0
3.0,,91.0,36.0,170.5,60.3,36.5,60.0,13.0
-63.0,110.0,86.0,28.0,142.7,,37.2,45.0,9.0
incons,-44.400000000000006,94.0,28.0,91.65,67.7,40.2,64.0,13.0
3.0,incons,incons,29.0,210.8,73.8,45.1,,12.0
1.0,112.0,89.0,39.0,196.2,61.0,44.9,67.0,incons
3.0,-44.400000000000006,84.0,29.0,185.2,79.6,39.3,50.0,17.0
-63.0,77.0,63.0,22.0,57.2,24.5,12.7,16.7,10.0
1.0,78.0,60.0,20.0,53.0,21.5,12.0,194.375,13.0
3.0,94.0,69.0,incons,97.7,40.1,21.6,33.2,-55.75
3.0,103.0,78.0,28.0,91.65,40.0,22.7,44.7,12.0
3.0,85.0,69.0,25.0,85.0,-49.55000000000001,incons,30.8,13.0
0.0,69.0,incons,,39.0,15.6,9.1,11.8,9.0
,97.0,74.0,26.0,91.6,36.2,22.6,27.2,10.0
0.0,74.0,57.0,20.0,45.6,13.5,13.5,16.2,10.0
155.0,70.0,53.0,18.0,35.5,11.5,,13.6,12.0
155.0,88.0,69.0,34.0,81.7,30.0,16.5,30.3,incons
0.0,39.0,29.0,10.0,incons,2.0,1.6,2.4,4.0
incons,65.0,48.0,15.0,31.0,9.5,7.1,12.0,9.0
3.0,99.0,74.0,25.0,95.5,130.25,14.1,33.8,18.0
3.0,90.0,170.5,29.0,105.0,,20.0,33.1,15.0
0.0,83.0,69.0,27.0,-42.75000000000001,25.6,incons,29.6,152.25
1.0,94.0,71.0,28.0,86.6,30.5,19.0,30.4,12.0
0.0,64.0,48.0,17.0,34.0,13.1,9.4,9.8,7.0
155.0,62.0,,15.0,25.9,,6.7,8.8,9.0
0.0,47.0,34.0,11.0,10.3,3.6,2.1,3.9,7.0
0.0,-44.400000000000006,51.0,16.0,,12.0,8.5,10.8,10.0
,97.0,76.0,incons,134.6,43.5,26.0,incons,18.0
1.0,100.0,77.0,23.0,135.7,58.9,-54.750000000000014,39.0,12.0
1.0,100.0,incons,21.0,99.6,incons,incons,34.0,17.0
3.0,99.20000000000002,72.0,21.0,-42.75000000000001,42.8,23.2,28.0,15.0
-63.0,105.0,81.0,32.0,131.6,53.1,22.5,45.0,12.0
1.0,85.0,67.0,19.0,64.4,24.1,12.2,25.0,10.0
1.0,76.0,incons,19.0,56.3,25.1,10.5,18.0,8.0
incons,106.0,83.0,29.0,188.8,76.9,37.0,53.0,21.0
0.0,68.0,53.0,17.0,36.7,-49.55000000000001,incons,13.0,
incons,95.0,73.0,23.0,incons,,incons,26.7,9.0
1.0,86.0,68.0,24.0,78.2,31.1,19.0,28.1,7.0
0.0,92.0,73.0,25.0,93.4,37.9,18.9,31.6,10.0
155.0,94.0,72.0,26.0,104.5,39.6,21.3,33.0,incons
0.0,72.0,59.0,20.0,42.1,13.2,10.5,15.0,9.0
155.0,71.0,53.0,18.0,incons,-49.55000000000001,8.2,12.6,incons
0.0,76.0,47.0,20.0,51.6,21.1,10.8,16.0,7.0
0.0,71.0,52.0,17.0,incons,16.2,9.7,11.0,6.0
3.0,88.0,69.0,24.0,97.4,39.3,21.6,32.0,14.0
1.0,102.0,80.0,26.0,114.7,43.8,27.3,39.0,
incons,65.0,48.0,17.0,34.6,,7.6,,7.0
3.0,124.0,97.0,36.0,,93.5,53.1,78.0,13.0
155.0,118.0,90.0,32.0,180.0,71.6,31.2,63.0,19.0
0.0,66.0,51.0,incons,37.5,14.7,9.0,12.0,7.0
,90.0,68.0,26.0,74.3,32.1,15.9,21.0,9.0
3.0,89.0,66.0,24.0,91.65,24.0,incons,21.0,11.0
0.0,66.0,43.0,15.0,,9.0,incons,7.0,6.0
0.0,96.0,75.0,29.0,155.4,43.2,26.0,incons,9.0
3.0,99.20000000000002,incons,,incons,incons,21.0,31.0,11.0
1.0,95.0,72.0,25.0,incons,33.9,16.2,28.0,-55.75
0.0,51.0,36.0,-85.5,15.8,6.8,incons,5.0,5.0
3.0,67.0,49.0,18.0,33.3,11.9,8.0,12.0,6.0
3.0,94.0,70.0,26.0,93.2,36.9,19.8,29.0,
0.0,62.0,45.0,16.0,26.9,10.8,,10.0,7.0
1.0,74.0,56.0,22.0,46.1,18.9,9.3,15.0,-55.75
incons,59.0,43.0,incons,25.8,10.0,5.9,8.0,7.0
1.0,111.0,-59.5,33.0,194.0,67.2,46.3,59.0,17.0
1.0,99.20000000000002,,34.0,228.0,86.1,44.9,84.0,16.0
incons,116.0,98.0,39.0,263.3,106.1,50.8,82.0,18.0
1.0,117.0,95.0,37.0,,82.9,32.3,66.0,11.0
3.0,130.0,105.0,36.0,325.2,119.4,incons,106.0,18.0
3.0,107.0,90.0,incons,156.2,61.1,31.1,59.0,11.0
1.0,83.0,68.0,26.0,73.5,,17.7,24.0,10.0
1.0,76.0,,21.0,56.2,,12.3,,12.0
incons,90.0,71.0,incons,82.4,22.9,13.3,incons,19.0
1.0,79.0,59.0,19.0,44.9,15.6,10.8,16.0,10.0
0.0,91.0,70.0,24.0,-42.75000000000001,36.3,,32.0,11.0
1.0,97.0,76.0,,121.0,43.1,28.0,36.0,15.0
0.0,,85.0,31.0,183.5,55.5,48.6,67.0,13.0
1.0,90.0,70.0,29.0,108.5,35.3,24.6,35.0,13.0
0.0,95.0,77.0,29.0,123.5,47.0,21.6,43.0,14.0
1.0,100.0,,31.0,131.0,48.1,28.6,41.0,17.0
1.0,106.0,82.0,33.0,162.3,48.0,33.8,48.0,19.0
0.0,incons,78.0,30.0,incons,45.0,24.8,34.0,
,98.0,77.0,30.0,157.3,48.2,28.0,48.0,23.0
1.0,104.0,79.0,36.0,128.0,31.6,22.0,49.0,22.0
0.0,108.0,83.0,29.0,148.0,,33.6,49.0,12.0
incons,100.0,-59.5,23.0,118.9,37.0,29.6,-80.625,11.0
1.0,90.0,76.0,33.0,163.3,50.0,38.3,53.0,23.0
1.0,74.0,55.0,20.0,44.5,18.6,5.2,,8.0
3.0,74.0,55.0,20.0,45.9,17.7,9.3,14.0,7.0
0.0,97.0,74.0,,114.5,40.8,28.3,35.0,10.0
1.0,87.0,65.0,23.0,78.3,30.8,18.8,24.0,-55.75
0.0,107.0,81.0,37.0,166.9,63.5,incons,58.0,16.0
0.0,102.0,80.0,28.0,130.3,49.1,33.3,37.0,10.0
0.0,113.0,88.0,37.0,incons,68.8,incons,51.0,15.0
,107.0,80.0,30.0,160.9,66.9,42.5,42.0,13.0
1.0,107.0,81.0,incons,185.4,52.0,28.5,69.0,16.0
,105.0,80.0,34.0,146.1,incons,41.1,39.0,11.0
0.0,118.0,88.0,30.0,191.1,73.2,48.5,59.0,11.0
0.0,100.0,75.0,30.0,127.2,50.7,29.0,38.0,10.0
3.0,51.0,incons,15.0,17.3,incons,4.1,5.0,5.0
1.0,86.0,65.0,23.0,77.3,29.5,21.3,22.0,11.0
0.0,76.0,58.0,incons,56.6,23.5,13.1,17.0,9.0
3.0,33.0,170.5,4.0,3.8,1.3,0.5,1.0,4.0
3.0,63.0,46.0,18.0,25.7,8.6,8.0,8.0,7.0
3.0,-44.400000000000006,21.0,10.0,3.5,1.0,,1.0,4.0
0.0,56.0,41.0,20.0,23.3,10.9,5.7,6.0,5.0
1.0,86.0,67.0,24.0,88.8,incons,22.9,28.0,13.0
1.0,79.0,63.0,168.5,70.3,23.7,18.2,23.9,16.0
0.0,99.20000000000002,-59.5,21.0,58.1,24.3,-54.750000000000014,17.5,12.0
1.0,96.0,77.0,27.0,107.2,37.9,28.4,34.6,14.0
incons,89.0,,21.0,90.5,36.0,20.6,24.6,incons
0.0,-44.400000000000006,59.0,incons,63.2,24.1,11.9,22.1,12.0
0.0,80.0,60.0,25.0,,38.2,18.0,23.5,
0.0,99.20000000000002,65.0,28.0,83.4,30.7,20.3,28.8,10.0
0.0,63.0,50.0,18.0,40.6,12.3,7.4,,11.0
,69.0,52.0,18.0,41.4,15.5,8.7,15.3,10.0
0.0,72.0,59.0,26.0,55.3,17.9,incons,20.1,10.0
3.0,59.0,45.0,18.0,22.1,8.1,4.9,6.4,7.0
3.0,65.0,50.0,incons,incons,11.9,7.1,12.6,7.0
0.0,75.0,-59.5,20.0,49.3,incons,9.5,16.6,11.0
3.0,56.0,41.0,11.0,22.7,9.0,5.5,6.7,7.0
0.0,71.0,53.0,17.0,40.2,13.8,10.6,,8.0
incons,70.0,,16.0,38.3,16.0,7.7,12.6,9.0
3.0,55.0,40.0,13.0,20.7,9.5,4.1,6.0,7.0
3.0,58.0,41.0,14.0,19.5,7.2,3.8,7.0,8.0
3.0,50.0,-59.5,,15.3,7.2,2.3,4.9,6.0
3.0,36.0,25.0,7.0,5.3,1.9,1.1,1.7,4.0
3.0,30.0,20.0,5.0,3.0,0.9,0.8,1.0,2.0
3.0,32.0,22.0,5.0,3.6,1.3,1.1,1.0,3.0
0.0,,91.0,32.0,211.5,78.5,45.6,58.6,13.0
0.0,111.0,88.0,30.0,,83.2,42.4,88.1,15.0
0.0,105.0,82.0,26.0,198.0,77.3,48.6,59.0,15.0
0.0,93.0,72.0,16.0,97.6,38.2,25.0,31.0,11.0
-63.0,98.0,72.0,22.0,100.1,,21.4,39.0,17.0
155.0,80.0,61.0,-85.5,59.4,21.6,14.1,20.0,incons
1.0,96.0,75.0,21.0,105.0,43.7,23.9,31.0,12.0
0.0,99.20000000000002,80.0,-85.5,154.0,54.7,31.8,-80.625,13.0
incons,99.20000000000002,80.0,24.0,130.3,52.2,40.3,33.0,15.0
0.0,105.0,80.0,26.0,165.9,48.1,36.5,55.0,11.0
0.0,109.0,84.0,26.0,175.8,74.8,33.9,194.375,
0.0,104.0,80.0,24.0,164.6,59.6,36.1,incons,15.0
0.0,101.0,76.0,incons,131.2,45.4,35.7,,13.0
0.0,105.0,85.0,24.0,173.3,56.5,35.2,58.0,18.0
0.0,102.0,78.0,25.0,131.3,52.4,36.7,35.0,10.0
0.0,104.0,,23.0,incons,47.7,,41.0,12.0
1.0,,,incons,128.7,48.3,,42.0,12.0
0.0,incons,82.0,27.0,172.4,57.1,30.5,64.0,14.0
0.0,89.0,69.0,18.0,75.9,28.6,14.8,25.0,10.0
0.0,106.0,88.0,41.0,167.0,64.0,43.5,49.0,14.0
1.0,99.20000000000002,53.0,18.0,41.3,15.6,11.4,12.0,
-63.0,107.0,84.0,30.0,147.3,55.7,37.2,43.0,14.0
-63.0,104.0,81.0,28.0,163.5,55.9,36.6,52.0,17.0
0.0,106.0,83.0,26.0,168.5,55.0,38.9,53.0,20.0
incons,106.0,84.0,26.0,200.2,,45.2,53.0,17.0
1.0,132.0,104.0,40.0,335.2,134.6,96.1,90.0,
0.0,104.0,77.0,28.0,91.65,49.7,40.7,32.0,9.0
0.0,107.0,84.0,26.0,161.1,60.2,36.2,56.0,14.0
0.0,139.0,103.0,35.0,303.3,115.6,82.1,78.0,15.0
1.0,102.0,78.0,21.0,122.4,,30.0,incons,13.0
0.0,97.0,71.0,24.0,109.4,43.0,32.3,28.0,10.0
1.0,121.0,92.0,34.0,224.4,69.4,60.9,63.0,
1.0,,91.0,33.0,227.3,73.8,60.1,incons,13.0
0.0,-44.400000000000006,103.0,35.0,296.1,130.25,54.4,-80.625,20.0
0.0,124.0,101.0,37.0,305.5,138.0,73.6,70.0,13.0
0.0,123.0,105.0,31.0,227.5,73.4,47.2,194.375,
1.0,incons,99.0,38.0,287.4,93.8,53.1,,15.0
0.0,114.0,88.0,31.0,223.2,95.5,46.3,54.0,13.0
0.0,114.0,86.0,24.0,212.3,69.6,33.4,62.0,15.0
0.0,117.0,81.0,incons,251.3,87.0,40.4,65.0,15.0
incons,110.0,88.0,31.0,189.2,62.6,36.5,67.0,16.0
1.0,108.0,88.0,27.0,191.8,47.7,44.2,60.0,17.0
0.0,incons,102.0,,322.6,124.3,72.2,94.0,14.0
1.0,122.0,94.0,29.0,230.6,80.6,59.2,64.0,14.0
0.0,109.0,90.0,30.0,91.65,67.3,38.1,60.0,
1.0,118.0,89.0,incons,226.5,76.5,46.8,64.0,13.0
0.0,69.0,54.0,19.0,39.4,13.3,10.0,14.0,9.0
1.0,110.0,86.0,31.0,157.0,57.8,45.4,46.6,11.0
1.0,106.0,85.0,34.0,189.8,69.7,47.9,55.6,17.0
1.0,106.0,91.0,33.0,196.1,63.1,56.3,59.3,11.0
3.0,97.0,75.0,28.0,104.2,40.0,24.6,34.0,8.0
0.0,77.0,-59.5,23.0,53.7,19.5,16.5,17.0,8.0
0.0,91.0,68.0,27.0,92.4,33.5,31.6,24.0,9.0
0.0,98.0,76.0,28.0,152.1,49.0,33.4,,10.0
0.0,106.0,82.0,168.5,146.4,37.8,34.0,,11.0
0.0,101.0,77.0,29.0,135.5,,35.8,40.0,15.0
155.0,incons,76.0,28.0,127.7,46.1,28.4,incons,13.0
155.0,93.0,70.0,168.5,115.1,,30.1,38.0,-55.75
,,72.0,incons,107.4,34.5,27.5,39.0,15.0
incons,112.0,82.0,-53.500000000000014,,70.1,47.4,60.0,13.0
0.0,101.0,77.0,30.0,128.3,49.2,,43.0,12.0
0.0,103.0,87.0,168.5,incons,58.4,41.2,51.0,10.0
3.0,77.0,56.0,25.0,48.8,20.4,7.6,17.0,6.0
3.0,43.0,31.0,12.0,10.5,4.2,3.3,3.0,152.25
0.0,-44.400000000000006,83.0,35.0,208.4,incons,-54.750000000000014,58.1,15.0
1.0,103.0,78.0,26.0,115.1,incons,26.0,36.9,9.0
0.0,99.0,77.0,27.0,141.8,42.2,27.5,52.4,12.0
1.0,99.20000000000002,78.0,32.0,,130.25,40.5,32.7,9.0
155.0,120.0,93.0,33.0,177.5,61.8,49.2,52.4,12.0
1.0,114.0,93.0,32.0,178.7,62.9,51.5,52.6,incons
1.0,97.0,75.0,,111.2,38.5,26.3,33.7,-55.75
0.0,94.0,74.0,36.0,102.0,38.3,incons,32.5,9.0
incons,115.0,90.0,33.0,incons,65.5,45.0,51.2,12.0
0.0,116.0,,32.0,-42.75000000000001,63.0,52.0,72.7,12.0
0.0,103.0,81.0,29.0,-42.75000000000001,43.0,32.7,46.8,15.0
0.0,-44.400000000000006,,31.0,143.1,56.1,33.7,,11.0
0.0,88.0,67.0,22.0,78.8,130.25,19.2,24.4,9.0
0.0,104.0,84.0,32.0,149.0,51.0,31.4,57.7,11.0
1.0,incons,69.0,22.0,73.3,25.0,16.2,-80.625,11.0
0.0,92.0,68.0,-85.5,99.0,33.1,incons,37.0,10.0
0.0,90.0,67.0,25.0,69.8,23.8,21.1,23.0,10.0
0.0,85.0,,26.0,88.1,30.4,18.7,31.0,-55.75
3.0,incons,55.0,20.0,44.0,18.8,9.0,13.0,7.0
0.0,incons,76.0,27.0,132.3,57.5,41.9,31.0,10.0
0.0,81.0,61.0,24.0,63.7,24.7,incons,incons,7.0
-63.0,56.0,41.0,14.0,20.3,8.2,6.0,6.0,6.0
1.0,96.0,80.0,25.0,incons,42.5,35.8,48.0,15.0
1.0,99.20000000000002,68.0,26.0,83.9,,23.1,26.0,10.0
1.0,104.0,82.0,23.0,161.4,57.1,35.8,47.0,12.0
0.0,101.0,81.0,28.0,175.0,53.3,34.8,57.0,12.0
1.0,98.0,73.0,,136.7,33.0,26.3,41.0,21.0
3.0,47.0,35.0,11.0,13.4,5.4,incons,,6.0
3.0,51.0,37.0,12.0,17.6,7.3,4.2,4.6,5.0
3.0,63.0,48.0,17.0,incons,incons,6.9,incons,7.0
3.0,incons,50.0,16.0,34.7,15.3,6.9,9.8,7.0
3.0,67.0,50.0,16.0,36.6,14.7,8.0,incons,incons
3.0,70.0,54.0,18.0,41.1,15.0,11.5,12.4,6.0
3.0,70.0,50.0,14.0,36.0,13.1,9.6,10.8,6.0
3.0,72.0,60.0,17.0,,23.7,12.8,194.375,7.0
3.0,99.20000000000002,55.0,27.0,48.0,21.6,8.9,incons,7.0
3.0,74.0,55.0,28.0,44.3,19.4,9.1,12.3,6.0
3.0,76.0,55.0,19.0,27.5,17.2,11.7,12.1,7.0
incons,77.0,58.0,19.0,,28.6,12.7,17.2,6.0
3.0,77.0,170.5,20.0,57.9,24.3,12.6,18.0,7.0
3.0,79.0,58.0,19.0,-42.75000000000001,27.6,16.0,16.4,7.0
3.0,79.0,58.0,19.0,60.8,25.4,16.8,15.4,6.0
3.0,80.0,,20.0,,26.0,12.0,18.8,6.0
3.0,82.0,incons,20.0,,41.6,13.1,21.2,6.0
3.0,83.0,64.0,22.0,,incons,15.1,21.8,7.0
0.0,83.0,61.0,20.0,65.0,31.2,incons,194.375,6.0
3.0,85.0,65.0,20.0,79.6,23.7,incons,18.9,6.0
3.0,88.0,73.0,168.5,100.2,48.7,16.8,29.3,9.0
3.0,,incons,20.0,97.9,54.9,17.2,22.1,7.0
3.0,89.0,65.0,20.0,75.6,35.9,20.0,17.8,7.0
3.0,90.0,70.0,26.0,109.4,49.0,28.1,28.1,
,94.0,75.0,24.0,116.1,53.2,18.7,33.8,
3.0,95.0,73.0,25.0,109.3,45.8,23.7,34.4,9.0
1.0,96.0,73.0,27.0,127.9,58.9,166.05,35.0,8.0
3.0,incons,71.0,21.0,99.6,incons,19.2,30.5,9.0
0.0,98.0,77.0,25.0,121.8,61.3,19.2,35.5,8.0
1.0,incons,82.0,25.0,151.1,67.1,25.8,42.8,9.0
0.0,100.0,incons,,119.5,-49.55000000000001,166.05,33.2,9.0
0.0,-44.400000000000006,88.0,-85.5,165.5,68.3,37.1,47.8,
0.0,105.0,79.0,26.0,152.7,67.5,incons,45.0,8.0
0.0,108.0,81.0,25.0,178.2,-49.55000000000001,38.3,40.4,9.0
1.0,incons,,28.0,incons,incons,34.5,42.0,11.0
1.0,109.0,88.0,27.0,183.7,85.8,40.3,47.5,10.0
1.0,110.0,86.0,25.0,184.6,80.7,35.0,56.6,8.0
0.0,,90.0,30.0,202.9,81.4,40.3,57.5,
-63.0,incons,90.0,30.0,175.0,72.4,35.1,55.3,10.0
0.0,111.0,170.5,,193.7,99.7,33.6,47.7,9.0
0.0,113.0,90.0,31.0,211.9,94.7,48.0,53.0,10.0
0.0,114.0,-59.5,30.0,incons,77.9,43.1,54.9,9.0
0.0,114.0,,incons,150.7,69.8,35.1,38.8,10.0
1.0,incons,93.0,28.0,191.6,88.4,36.3,,9.0
0.0,-44.400000000000006,95.0,33.0,215.4,90.9,48.8,61.9,9.0
0.0,118.0,92.0,26.0,220.4,91.0,41.1,66.0,152.25
1.0,119.0,96.0,,222.0,incons,45.6,66.0,10.0
1.0,119.0,,168.5,,104.5,59.2,64.0,8.0
1.0,,95.0,,228.1,109.4,46.2,-80.625,6.0
1.0,119.0,93.0,28.0,222.6,103.5,48.8,61.0,12.0
0.0,120.0,95.0,35.0,268.9,109.8,57.5,72.0,11.0
1.0,120.0,95.0,incons,242.0,130.6,,64.1,10.0
0.0,-44.400000000000006,99.0,35.0,258.0,121.2,55.2,68.9,11.0
,121.0,95.0,35.0,276.4,121.8,46.5,79.7,10.0
0.0,121.0,,32.0,220.7,84.2,60.3,65.0,incons
1.0,,100.0,35.0,275.4,130.25,66.0,58.4,12.0
1.0,123.0,104.0,30.0,268.7,125.8,52.1,69.0,10.0
0.0,123.0,102.0,30.0,259.2,109.0,66.3,incons,9.0
0.0,123.0,101.0,33.0,91.65,106.3,56.3,82.0,152.25
1.0,124.0,101.0,32.0,274.5,125.7,55.0,73.7,11.0
0.0,124.0,100.0,33.0,261.4,incons,50.9,63.0,9.0
incons,125.0,98.0,31.0,241.7,93.0,incons,82.2,11.0
incons,incons,170.5,40.0,276.5,117.9,57.0,76.2,11.0
0.0,126.0,101.0,33.0,252.0,90.5,55.1,81.2,14.0
0.0,127.0,102.0,34.0,-42.75000000000001,123.8,61.0,incons,9.0
1.0,127.0,100.0,30.0,275.2,129.9,72.2,62.0,10.0
1.0,127.0,97.0,33.0,258.9,133.6,52.1,54.3,9.0
incons,128.0,102.0,33.0,297.2,151.9,166.05,64.2,8.0
0.0,130.0,105.0,incons,294.3,135.0,63.0,79.8,11.0
0.0,131.0,104.0,33.0,281.9,117.2,,81.0,9.0
0.0,131.0,116.0,41.0,416.1,191.8,incons,120.2,17.0
0.0,132.0,106.0,34.0,incons,118.1,42.4,194.375,15.0
0.0,132.0,104.0,38.0,311.6,151.0,59.6,80.0,10.0
1.0,134.0,117.0,,261.8,108.9,58.9,82.6,10.0
1.0,135.0,105.0,34.0,361.9,156.8,78.2,91.0,12.0
1.0,135.0,105.0,,295.7,125.6,68.1,,9.0
1.0,136.0,112.0,168.5,355.5,172.2,64.4,incons,11.0
1.0,99.20000000000002,108.0,32.0,333.5,-49.55000000000001,75.5,95.0,11.0
,139.0,112.0,44.0,,169.1,84.4,91.0,11.0
0.0,146.0,119.0,46.0,565.1,229.3,83.8,179.4,17.0
3.0,41.0,28.0,incons,9.2,3.3,2.4,2.7,152.25
3.0,48.0,170.5,,14.1,5.0,-54.750000000000014,,5.0
3.0,incons,-59.5,13.0,13.3,6.2,2.7,3.4,3.0
3.0,51.0,38.0,10.0,16.6,130.25,4.3,5.4,6.0
3.0,incons,incons,,16.6,6.2,4.3,,4.0
3.0,53.0,39.0,12.0,18.4,6.9,5.0,4.9,6.0
3.0,56.0,24.0,15.0,23.4,9.1,5.8,6.9,4.0
3.0,59.0,46.0,16.0,32.5,13.0,10.0,7.7,5.0
3.0,60.0,47.0,16.0,26.2,10.0,5.3,8.6,152.25
3.0,60.0,46.0,19.0,,11.2,7.3,7.4,6.0
3.0,61.0,44.0,incons,28.2,12.4,6.2,7.4,5.0
3.0,63.0,47.0,15.0,29.7,130.25,7.5,incons,6.0
3.0,63.0,46.0,14.0,28.8,-49.55000000000001,6.1,8.0,8.0
3.0,64.0,48.0,18.0,31.5,14.0,5.3,8.5,5.0
3.0,65.0,48.0,15.0,incons,16.5,8.9,,
,66.0,53.0,-85.5,39.2,15.5,6.1,8.9,6.0
3.0,67.0,50.0,15.0,36.5,14.1,8.8,11.0,7.0
3.0,67.0,50.0,15.0,37.2,18.9,incons,8.9,7.0
3.0,68.0,50.0,15.0,incons,13.3,incons,9.0,5.0
3.0,68.0,170.5,14.0,incons,20.8,8.5,11.0,7.0
3.0,69.0,53.0,20.0,-42.75000000000001,22.2,10.7,13.0,7.0
3.0,74.0,58.0,19.0,49.8,20.9,11.6,13.4,6.0
3.0,74.0,56.0,19.0,57.3,30.1,13.8,15.9,7.0
3.0,,56.0,incons,43.0,16.8,,194.375,6.0
3.0,77.0,53.0,16.0,50.2,24.8,7.4,14.0,6.0
3.0,82.0,62.0,18.0,67.8,31.0,13.9,,7.0
3.0,82.0,61.0,18.0,70.7,-49.55000000000001,incons,20.0,7.0
3.0,82.0,62.0,,66.7,32.7,12.2,18.2,6.0
3.0,83.0,66.0,168.5,71.9,34.0,16.2,18.0,6.0
3.0,84.0,64.0,23.0,75.2,33.8,18.4,20.0,5.0
3.0,84.0,incons,20.0,68.7,31.4,15.9,18.0,
3.0,85.0,68.0,-85.5,76.4,32.8,incons,20.0,
3.0,85.0,63.0,20.0,,32.9,14.4,21.0,6.0
incons,86.0,,20.0,72.9,31.5,16.5,21.0,7.0
3.0,86.0,65.0,18.0,85.0,43.4,17.4,19.0,7.0
3.0,87.0,65.0,24.0,79.9,36.3,12.2,incons,-55.75
3.0,incons,68.0,23.0,78.5,36.5,15.6,22.9,6.0
3.0,,69.0,26.0,89.9,41.8,16.7,26.8,6.0
3.0,88.0,65.0,,70.0,29.6,13.4,21.0,7.0
1.0,89.0,67.0,22.0,87.1,,21.9,incons,6.0
3.0,89.0,70.0,26.0,83.9,33.9,18.9,23.9,7.0
3.0,90.0,72.0,26.0,95.6,incons,25.4,27.4,7.0
3.0,90.0,incons,21.0,88.9,39.4,18.6,26.7,8.0
3.0,90.0,69.0,22.0,94.0,incons,17.1,22.7,
3.0,90.0,,21.0,89.4,46.7,166.05,23.8,7.0
3.0,91.0,71.0,25.0,106.5,45.0,25.2,29.3,7.0
3.0,91.0,75.0,24.0,99.4,47.1,21.1,25.9,6.0
3.0,92.0,72.0,20.0,incons,46.5,18.6,23.0,7.0
3.0,92.0,69.0,21.0,89.8,39.2,18.9,25.3,7.0
3.0,93.0,73.0,23.0,93.4,46.3,18.5,22.6,7.0
3.0,93.0,74.0,23.0,106.8,52.2,19.6,28.6,7.0
3.0,93.0,69.0,22.0,88.3,35.1,18.1,24.0,7.0
1.0,99.20000000000002,70.0,25.0,96.4,46.0,21.2,21.9,6.0
0.0,-44.400000000000006,73.0,,122.4,65.4,30.0,28.0,8.0
1.0,94.0,73.0,24.0,116.4,58.0,18.4,29.2,
0.0,95.0,74.0,25.0,107.4,44.4,24.3,30.0,9.0
1.0,95.0,72.0,168.5,118.3,64.9,22.0,194.375,6.0
0.0,incons,75.0,incons,135.3,64.1,21.3,34.0,6.0
0.0,96.0,77.0,incons,,58.5,28.1,31.5,6.0
0.0,96.0,72.0,20.0,,130.25,19.8,23.0,8.0
0.0,96.0,73.0,24.0,120.3,62.4,23.4,28.0,7.0
1.0,97.0,74.0,23.0,incons,39.9,19.1,25.8,152.25
incons,98.0,77.0,,129.8,64.0,24.8,33.9,8.0
0.0,99.0,79.0,27.0,126.7,60.7,25.9,29.9,8.0
0.0,99.0,80.0,27.0,122.0,54.4,28.7,28.8,7.0
0.0,100.0,78.0,27.0,131.9,62.9,30.7,31.3,6.0
3.0,100.0,77.0,24.0,112.0,56.7,20.6,27.0,8.0
0.0,100.0,77.0,27.0,128.5,63.9,25.8,30.7,7.0
0.0,100.0,80.0,-85.5,134.5,67.2,,36.5,7.0
1.0,101.0,78.0,26.0,134.8,63.3,28.2,35.7,9.0
3.0,101.0,78.0,30.0,137.0,72.4,26.2,31.2,8.0
0.0,,82.0,25.0,128.4,57.8,26.6,31.0,9.0
3.0,99.20000000000002,incons,25.0,incons,50.0,24.1,37.0,8.0
0.0,102.0,78.0,27.0,153.8,,29.1,38.0,incons
-63.0,102.0,75.0,20.0,115.7,47.6,incons,35.0,7.0
3.0,incons,81.0,incons,153.8,73.1,31.7,36.0,7.0
0.0,102.0,incons,30.0,-42.75000000000001,69.4,26.8,37.7,8.0
0.0,102.0,82.0,29.0,159.2,77.3,36.3,194.375,8.0
1.0,103.0,86.0,28.0,166.8,73.4,40.0,46.0,8.0
0.0,103.0,78.0,31.0,142.5,73.9,27.4,31.0,7.0
1.0,105.0,83.0,28.0,144.8,69.5,34.6,35.0,8.0
0.0,105.0,80.0,28.0,146.5,,31.5,34.0,11.0
1.0,106.0,85.0,26.0,151.7,,39.4,incons,
1.0,106.0,85.0,30.0,169.9,65.6,46.4,40.4,8.0
0.0,106.0,81.0,25.0,130.3,54.3,32.1,37.2,7.0
1.0,,80.0,27.0,164.3,78.7,39.2,41.0,incons
0.0,-44.400000000000006,86.0,28.0,incons,57.1,31.9,43.1,8.0
0.0,107.0,87.0,28.0,174.8,74.7,45.8,43.9,8.0
1.0,110.0,89.0,31.0,198.1,108.8,35.6,43.6,9.0
1.0,110.0,86.0,28.0,162.1,73.6,32.2,-80.625,152.25
1.0,112.0,91.0,32.0,91.65,90.5,41.4,54.8,9.0
1.0,113.0,80.0,incons,139.5,incons,33.3,36.0,
0.0,114.0,90.0,31.0,239.0,incons,51.3,59.0,10.0
0.0,,90.0,31.0,238.7,102.6,incons,68.6,-55.75
1.0,114.0,91.0,incons,221.4,-49.55000000000001,51.0,54.0,
0.0,114.0,89.0,28.0,,105.3,43.9,48.0,8.0
,114.0,92.0,34.0,180.7,81.5,38.7,42.8,-55.75
-63.0,115.0,95.0,32.0,222.8,99.1,54.9,,9.0
1.0,115.0,92.0,149.3,220.6,107.6,44.2,incons,9.0
-63.0,116.0,,30.0,223.1,111.5,incons,58.0,7.0
1.0,116.0,92.0,36.0,210.3,81.9,51.9,-80.625,8.0
0.0,116.0,91.0,30.0,,130.25,,,10.0
1.0,116.0,90.0,29.0,227.4,,44.0,-80.625,8.0
0.0,116.0,98.0,26.0,226.7,117.2,51.3,47.4,9.0
0.0,,93.0,31.0,,104.9,52.3,55.0,11.0
0.0,118.0,94.0,-85.5,241.2,95.8,48.5,61.8,-55.75
1.0,-44.400000000000006,91.0,incons,212.6,incons,48.9,50.0,incons
incons,,94.0,31.0,224.2,90.3,35.6,31.0,11.0
1.0,,90.0,30.0,222.8,117.3,44.1,50.0,
0.0,119.0,95.0,33.0,,-49.55000000000001,48.7,54.8,
1.0,119.0,92.0,,200.9,93.1,41.9,50.3,9.0
0.0,119.0,91.0,30.0,208.8,103.6,incons,incons,9.0
incons,121.0,98.0,30.0,226.9,105.3,52.9,59.0,9.0
0.0,121.0,,31.0,232.2,114.4,,55.0,9.0
0.0,121.0,94.0,33.0,246.3,120.5,52.4,58.5,11.0
0.0,122.0,94.0,30.0,232.5,113.0,51.6,61.7,incons
0.0,122.0,95.0,31.0,233.6,110.8,47.8,65.9,10.0
1.0,incons,96.0,32.0,250.5,117.0,51.9,66.0,8.0
1.0,124.0,102.0,36.0,266.3,118.8,55.2,77.6,11.0
incons,125.0,96.0,34.0,270.5,124.7,55.6,73.0,10.0
0.0,99.20000000000002,98.0,35.0,266.5,114.1,54.2,,10.0
-63.0,125.0,95.0,35.0,228.7,95.1,49.5,69.8,-55.75
1.0,125.0,100.0,33.0,incons,114.6,60.7,63.0,9.0
155.0,125.0,97.0,40.0,276.0,116.9,incons,80.2,9.0
0.0,126.0,incons,31.0,incons,incons,55.0,194.375,8.0
1.0,126.0,99.0,33.0,261.5,,56.8,,11.0
0.0,126.0,96.0,30.0,235.7,103.7,49.6,64.7,8.0
0.0,127.0,98.0,35.0,275.0,124.6,54.1,79.0,11.0
,127.0,incons,37.0,incons,136.8,,74.9,10.0
0.0,128.0,101.0,31.0,incons,141.0,53.1,67.0,10.0
1.0,,100.0,34.0,303.5,130.25,65.2,81.8,11.0
1.0,128.0,100.0,35.0,278.8,98.7,58.2,80.0,152.25
1.0,129.0,100.0,168.5,incons,130.25,47.2,63.7,10.0
0.0,129.0,-59.5,35.0,327.2,155.8,68.4,86.4,11.0
0.0,129.0,104.0,35.0,312.2,141.8,71.1,80.0,8.0
1.0,129.0,101.0,33.0,286.5,136.8,-54.750000000000014,67.2,8.0
incons,incons,,,267.7,130.25,59.8,incons,11.0
1.0,129.0,100.0,32.0,249.3,109.5,65.4,,10.0
-63.0,129.0,103.0,30.0,242.4,103.0,41.1,77.0,10.0
0.0,130.0,99.0,32.0,260.8,114.0,62.4,74.5,9.0
0.0,130.0,104.0,42.0,335.7,133.3,61.6,92.0,11.0
,130.0,105.0,37.0,324.4,132.9,,95.4,10.0
1.0,131.0,92.0,incons,298.8,137.9,66.2,,9.0
1.0,131.0,incons,35.0,-42.75000000000001,170.3,166.05,80.6,10.0
155.0,132.0,101.0,,305.6,138.0,60.5,88.2,11.0
0.0,132.0,107.0,38.0,318.1,incons,59.4,103.5,
0.0,99.20000000000002,99.0,39.0,-42.75000000000001,118.8,71.9,incons,incons
,incons,95.0,-85.5,273.9,incons,58.8,67.0,6.0
0.0,134.0,105.0,33.0,321.7,136.4,62.9,80.1,11.0
1.0,135.0,114.0,45.0,317.4,,59.9,87.0,10.0
1.0,135.0,113.0,39.0,367.5,152.9,72.3,110.6,12.0
0.0,136.0,-59.5,37.0,321.4,144.9,64.3,99.6,12.0
0.0,138.0,,35.0,340.1,165.1,72.4,194.375,8.0
-63.0,138.0,101.0,40.0,374.4,,-54.750000000000014,96.0,10.0
1.0,139.0,incons,35.0,367.7,130.25,79.2,100.6,10.0
1.0,141.0,107.0,36.0,337.0,138.6,84.0,80.9,12.0
0.0,incons,113.0,incons,439.6,202.4,104.5,109.5,11.0
0.0,143.0,113.0,35.0,390.5,152.9,,82.7,
1.0,143.0,105.0,37.0,312.0,133.1,incons,81.0,11.0
1.0,147.0,incons,44.0,511.0,226.7,88.0,incons,11.0
incons,153.0,120.0,44.0,,201.4,incons,124.1,12.0
3.0,incons,26.0,9.0,5.8,2.4,-54.750000000000014,1.9,4.0
3.0,,30.0,9.0,,3.6,1.2,2.2,3.0
3.0,39.0,27.0,8.0,6.5,2.7,1.0,1.9,4.0
3.0,40.0,31.0,-85.5,8.7,3.1,1.8,1.4,4.0
3.0,45.0,33.0,11.0,11.8,,2.5,3.0,4.0
3.0,49.0,36.0,13.0,-42.75000000000001,6.0,2.6,4.3,4.0
3.0,50.0,36.0,-85.5,incons,4.9,3.1,4.5,5.0
-63.0,53.0,39.0,incons,-42.75000000000001,7.3,3.5,5.0,7.0
3.0,55.0,39.0,,21.2,10.8,4.0,5.6,6.0
3.0,56.0,42.0,17.0,91.65,8.3,,6.8,5.0
3.0,57.0,44.0,13.0,19.2,8.1,4.1,6.0,5.0
3.0,60.0,170.5,16.0,25.1,11.0,5.3,7.8,6.0
3.0,63.0,47.0,11.0,30.2,13.0,5.4,7.8,
3.0,64.0,45.0,,28.3,13.5,5.9,8.1,6.0
3.0,68.0,53.0,16.0,40.3,18.0,9.5,11.0,5.0
3.0,74.0,56.0,20.0,44.2,23.3,5.3,12.7,6.0
3.0,75.0,56.0,16.0,46.9,22.5,9.1,13.4,6.0
3.0,75.0,55.0,20.0,46.5,23.3,,13.0,6.0
3.0,77.0,58.0,16.0,49.7,24.4,9.9,13.0,7.0
3.0,80.0,64.0,19.0,69.6,,10.6,17.4,6.0
3.0,81.0,60.0,,64.0,34.4,8.8,18.6,7.0
-63.0,82.0,60.0,20.0,56.4,25.1,11.4,17.5,7.0
3.0,82.0,65.0,168.5,64.9,26.4,incons,21.2,6.0
3.0,84.0,60.0,21.0,63.2,25.1,14.0,20.7,7.0
3.0,84.0,,22.0,72.5,34.8,12.7,21.0,7.0
3.0,84.0,62.0,19.0,55.8,25.1,10.2,17.6,6.0
3.0,,65.0,23.0,73.7,32.4,,20.9,7.0
0.0,86.0,67.0,24.0,79.4,39.7,17.3,,7.0
3.0,87.0,66.0,22.0,82.6,41.1,19.2,,6.0
3.0,87.0,69.0,23.0,83.6,44.4,14.7,21.2,7.0
3.0,88.0,66.0,22.0,74.1,,-54.750000000000014,24.0,7.0
3.0,89.0,170.5,168.5,81.8,33.5,incons,23.4,7.0
3.0,89.0,68.0,29.0,86.8,incons,18.1,26.0,7.0
incons,89.0,67.0,22.0,incons,39.7,18.7,21.8,8.0
3.0,incons,73.0,25.0,-42.75000000000001,42.7,-54.750000000000014,26.3,8.0
3.0,90.0,68.0,-85.5,98.5,48.2,21.5,24.0,6.0
3.0,99.20000000000002,66.0,21.0,74.3,,15.7,19.5,7.0
3.0,90.0,66.0,20.0,82.2,38.9,20.0,19.6,incons
3.0,90.0,66.0,,73.7,32.0,17.7,20.4,6.0
3.0,92.0,70.0,23.0,83.1,36.0,19.6,23.5,7.0
0.0,94.0,72.0,21.0,108.8,54.0,27.9,25.8,7.0
3.0,incons,76.0,25.0,incons,42.2,21.5,28.4,6.0
,95.0,70.0,incons,incons,41.2,19.8,26.0,6.0
3.0,95.0,70.0,20.0,90.9,130.25,22.2,23.0,incons
3.0,96.0,76.0,25.0,124.9,67.9,166.05,33.3,8.0
-63.0,98.0,,25.0,104.5,47.0,26.0,28.2,7.0
3.0,,75.0,28.0,109.9,incons,22.4,31.7,7.0
3.0,100.0,75.0,24.0,108.4,43.0,23.2,34.0,9.0
3.0,100.0,76.0,25.0,103.8,49.7,22.7,-80.625,8.0
0.0,100.0,78.0,incons,104.3,,23.4,26.2,6.0
1.0,101.0,78.0,25.0,108.9,49.2,30.0,28.1,7.0
155.0,102.0,,25.0,incons,-49.55000000000001,166.05,194.375,8.0
1.0,102.0,80.0,25.0,91.65,52.2,23.0,,incons
3.0,99.20000000000002,80.0,25.0,111.5,52.3,23.9,30.5,9.0
3.0,102.0,76.0,23.0,103.1,43.0,22.7,33.2,8.0
3.0,103.0,77.0,25.0,122.3,63.5,25.3,30.0,8.0
0.0,104.0,80.0,29.0,,70.5,36.9,37.0,9.0
3.0,-44.400000000000006,76.0,27.0,107.9,incons,,31.4,8.0
3.0,104.0,76.0,25.0,incons,57.6,25.9,33.4,8.0
1.0,104.0,92.0,30.0,203.8,104.6,39.7,50.8,7.0
3.0,105.0,80.0,-85.5,129.1,65.0,24.9,34.0,8.0
3.0,105.0,80.0,28.0,120.2,52.5,25.7,36.7,9.0
0.0,105.0,81.0,24.0,151.1,75.1,31.1,40.2,9.0
3.0,-44.400000000000006,79.0,24.0,121.6,59.4,27.9,28.1,incons
3.0,106.0,80.0,25.0,123.4,incons,25.4,38.0,8.0
3.0,107.0,78.0,25.0,119.8,51.9,29.8,33.8,9.0
3.0,108.0,84.0,28.0,133.3,62.5,27.6,37.9,
0.0,109.0,78.0,27.0,156.7,84.5,36.3,31.2,7.0
,incons,82.0,24.0,158.6,incons,28.1,38.0,9.0
0.0,109.0,83.0,28.0,164.0,92.3,25.4,43.6,9.0
1.0,110.0,83.0,27.0,162.9,85.4,37.1,35.0,incons
1.0,-44.400000000000006,86.0,incons,168.0,79.0,39.0,44.6,
0.0,99.20000000000002,85.0,30.0,166.3,82.2,35.3,43.3,10.0
-63.0,-44.400000000000006,86.0,29.0,179.9,92.8,35.5,,9.0
0.0,112.0,89.0,32.0,179.3,84.0,43.5,44.3,8.0
1.0,112.0,,168.5,128.1,67.2,35.3,49.0,8.0
,112.0,83.0,29.0,170.4,86.0,37.7,41.0,8.0
0.0,113.0,91.0,30.0,191.9,91.3,47.9,46.0,9.0
0.0,113.0,87.0,30.0,incons,-49.55000000000001,36.5,41.2,8.0
1.0,113.0,90.0,168.5,201.9,89.4,47.5,52.9,9.0
0.0,114.0,92.0,30.0,207.5,108.3,40.7,50.0,9.0
1.0,114.0,,29.0,175.5,82.4,43.4,44.0,8.0
3.0,114.0,88.0,30.0,151.0,68.5,32.0,44.8,8.0
1.0,115.0,92.0,29.0,198.9,93.2,45.8,53.0,7.0
1.0,115.0,90.0,32.0,incons,111.2,,51.5,10.0
0.0,115.0,87.0,28.0,169.1,80.2,38.2,44.4,9.0
1.0,115.0,94.0,33.0,173.8,87.0,-54.750000000000014,47.6,9.0
0.0,115.0,91.0,27.0,181.4,84.9,39.4,incons,9.0
3.0,incons,87.0,26.0,161.0,63.1,43.1,49.0,10.0
0.0,115.0,89.0,34.0,204.5,109.8,43.5,-80.625,9.0
0.0,incons,89.0,,169.4,83.0,38.9,incons,9.0
0.0,116.0,91.0,incons,222.8,,incons,53.0,8.0
0.0,116.0,91.0,39.0,,189.0,,88.2,9.0
0.0,116.0,incons,27.0,162.8,75.5,38.3,44.0,-55.75
0.0,116.0,90.0,28.0,192.3,97.2,-54.750000000000014,50.6,9.0
0.0,incons,90.0,29.0,200.5,109.4,39.5,incons,8.0
-63.0,116.0,90.0,31.0,186.0,77.0,49.2,194.375,9.0
0.0,117.0,92.0,29.0,incons,95.6,36.5,47.0,9.0
0.0,117.0,93.0,32.0,191.1,,incons,,7.0
0.0,118.0,94.0,30.0,199.1,96.2,46.4,48.0,8.0
1.0,120.0,95.0,32.0,205.3,97.0,49.9,51.3,9.0
0.0,120.0,91.0,34.0,238.3,139.2,47.9,48.0,152.25
1.0,120.0,93.0,30.0,220.5,109.1,52.4,50.0,8.0
0.0,120.0,93.0,31.0,203.3,102.4,incons,45.0,10.0
1.0,121.0,,33.0,235.5,122.2,45.5,58.4,9.0
0.0,121.0,95.0,28.0,223.5,111.0,51.4,54.8,9.0
0.0,121.0,96.0,34.0,236.7,116.4,47.3,incons,10.0
1.0,121.0,170.5,33.0,211.2,86.6,43.9,71.4,9.0
0.0,122.0,97.0,32.0,,,incons,48.3,8.0
0.0,122.0,97.0,29.0,266.1,156.6,,-80.625,9.0
incons,122.0,-59.5,33.0,210.4,99.6,48.4,53.4,9.0
0.0,123.0,92.0,34.0,211.3,,54.4,54.0,10.0
1.0,123.0,93.0,30.0,incons,,36.5,48.3,9.0
,123.0,,31.0,205.4,89.4,50.0,57.0,9.0
0.0,124.0,94.0,27.0,203.9,106.3,40.1,49.5,8.0
0.0,124.0,90.0,40.0,171.6,85.7,30.5,48.1,8.0
incons,124.0,96.0,32.0,222.5,112.7,48.9,56.2,8.0
1.0,incons,97.0,35.0,274.9,146.7,54.3,66.4,152.25
0.0,,96.0,37.0,241.3,incons,58.0,57.2,8.0
0.0,126.0,94.0,31.0,,117.8,42.2,57.4,8.0
0.0,126.0,100.0,,252.9,112.7,61.3,68.5,10.0
1.0,99.20000000000002,99.0,,231.3,102.3,61.6,57.7,9.0
155.0,128.0,103.0,33.0,273.8,126.4,68.3,71.6,10.0
0.0,129.0,106.0,39.0,278.0,-49.55000000000001,58.9,74.7,10.0
1.0,129.0,96.0,34.0,,105.6,,61.0,10.0
1.0,130.0,100.0,38.0,292.8,incons,67.8,84.9,9.0
incons,130.0,100.0,31.0,240.4,113.0,62.7,incons,
0.0,131.0,103.0,32.0,262.0,110.6,73.8,194.375,11.0
1.0,131.0,102.0,35.0,283.0,117.7,74.5,72.8,10.0
1.0,132.0,106.0,37.0,,109.2,54.1,95.2,11.0
0.0,133.0,105.0,32.0,272.6,125.8,55.8,68.0,8.0
3.0,133.0,100.0,34.0,259.5,120.7,58.2,71.9,9.0
1.0,134.0,incons,41.0,272.9,121.5,60.5,70.6,9.0
incons,137.0,108.0,43.0,340.5,132.8,73.1,94.7,14.0
0.0,137.0,104.0,33.0,303.8,incons,73.7,incons,10.0
1.0,-44.400000000000006,108.0,31.0,290.8,124.8,62.1,incons,9.0
0.0,138.0,-59.5,42.0,316.6,147.1,81.0,incons,12.0
1.0,138.0,incons,34.0,310.7,158.9,69.7,194.375,9.0
0.0,139.0,112.0,37.0,348.0,177.0,-54.750000000000014,87.5,10.0
0.0,incons,113.0,36.0,350.2,,67.1,-80.625,
0.0,140.0,115.0,38.0,454.6,-49.55000000000001,83.6,127.6,
1.0,99.20000000000002,105.0,38.0,329.3,170.9,-54.750000000000014,79.9,9.0
1.0,99.20000000000002,110.0,,243.8,incons,47.2,60.2,9.0
1.0,142.0,112.0,,330.4,147.0,76.2,90.5,
0.0,143.0,110.0,,400.9,209.3,81.4,incons,12.0
0.0,143.0,107.0,38.0,335.1,177.8,62.6,incons,10.0
1.0,144.0,170.5,39.0,420.6,205.3,96.0,107.5,10.0
1.0,144.0,110.0,40.0,incons,-49.55000000000001,93.8,104.3,10.0
0.0,144.0,113.0,incons,237.4,138.2,38.9,53.7,8.0
,145.0,101.0,37.0,395.6,,85.1,90.1,12.0
1.0,146.0,115.0,37.0,375.9,186.2,76.0,96.5,12.0
0.0,147.0,117.0,37.0,424.8,190.4,110.0,100.0,11.0
0.0,149.0,113.0,43.0,386.2,179.2,91.7,194.375,11.0
1.0,150.0,114.0,42.0,447.2,221.8,-54.750000000000014,109.0,11.0
1.0,151.0,125.0,42.0,501.0,239.3,102.6,135.7,11.0
0.0,151.0,116.0,41.0,401.3,incons,80.3,119.0,10.0
1.0,156.0,126.0,43.0,-42.75000000000001,297.6,incons,117.2,11.0
3.0,incons,75.0,24.0,92.9,incons,20.9,30.0,incons
3.0,49.0,41.0,12.0,15.3,6.8,2.8,4.3,4.0
3.0,50.0,37.0,13.0,,5.9,2.8,4.5,5.0
3.0,50.0,38.0,13.0,16.7,7.8,incons,5.0,5.0
3.0,incons,39.0,18.0,22.5,10.9,5.9,7.1,6.0
3.0,61.0,43.0,incons,21.5,8.8,4.1,7.6,5.0
3.0,62.0,45.0,14.0,21.1,87.0,3.0,8.0,5.0
3.0,63.0,46.0,16.0,27.5,10.9,6.2,8.9,5.0
3.0,99.20000000000002,46.0,,22.9,9.2,4.7,7.7,5.0
3.0,incons,45.0,15.0,27.8,,6.4,18.0,6.0
3.0,66.0,50.0,19.0,41.7,20.4,7.9,10.4,7.0
,66.0,41.0,,31.9,15.4,6.4,8.7,5.0
3.0,67.0,49.0,,40.3,130.25,8.1,9.6,7.0
3.0,68.0,50.0,incons,35.8,15.5,6.6,11.0,6.0
3.0,69.0,51.0,19.0,38.9,18.5,7.4,11.0,6.0
3.0,69.0,51.0,,40.1,21.0,7.4,10.0,5.0
3.0,70.0,54.0,15.0,,20.0,7.2,13.0,6.0
3.0,70.0,51.0,,35.7,-49.55000000000001,6.1,10.5,8.0
3.0,72.0,-59.5,17.0,91.65,130.25,7.0,12.8,4.0
3.0,73.0,54.0,17.0,37.5,16.2,8.4,11.6,6.0
3.0,73.0,54.0,17.0,39.2,16.5,7.5,12.0,7.0
3.0,73.0,170.5,-85.5,,18.9,9.8,-80.625,7.0
3.0,74.0,170.5,18.0,48.9,-49.55000000000001,13.1,15.0,7.0
3.0,74.0,56.0,17.0,43.4,21.9,7.0,12.4,6.0
3.0,75.0,58.0,-85.5,42.6,19.2,8.2,12.2,5.0
3.0,75.0,58.0,17.0,47.7,23.6,9.0,13.9,7.0
incons,incons,55.0,18.0,,18.6,8.1,15.1,6.0
3.0,75.0,55.0,-85.5,49.3,22.0,8.3,15.5,
3.0,75.0,56.0,16.0,91.65,16.5,9.6,13.0,8.0
3.0,75.0,54.0,incons,43.6,18.9,7.8,14.0,7.0
3.0,76.0,incons,22.0,51.2,22.0,166.05,15.1,6.0
3.0,76.0,54.0,,42.1,17.3,,14.0,8.0
3.0,77.0,58.0,18.0,52.3,22.2,11.9,14.9,incons
155.0,77.0,56.0,17.0,43.5,130.25,7.6,13.4,8.0
3.0,77.0,60.0,,60.4,30.4,incons,14.7,
155.0,,56.0,18.0,incons,20.5,8.4,13.1,5.0
3.0,78.0,60.0,19.0,65.3,33.3,11.5,-80.625,incons
3.0,79.0,61.0,21.0,56.8,,11.9,18.9,8.0
3.0,79.0,59.0,19.0,54.5,23.0,12.5,17.0,8.0
3.0,79.0,54.0,20.0,59.7,28.9,12.2,16.4,5.0
3.0,80.0,58.0,20.0,53.5,24.1,12.1,15.3,5.0
3.0,81.0,57.0,18.0,52.9,25.3,incons,15.0,6.0
3.0,82.0,67.0,-85.5,66.0,31.4,14.1,34.0,7.0
3.0,84.0,-59.5,18.0,65.6,33.6,12.3,16.4,6.0
155.0,85.0,65.0,22.0,66.7,incons,9.0,20.0,7.0
3.0,85.0,64.0,20.0,incons,25.2,,21.2,7.0
3.0,,62.0,18.0,60.2,27.7,13.0,incons,7.0
3.0,86.0,68.0,0.0,85.6,41.3,17.2,23.0,8.0
3.0,86.0,63.0,19.0,75.6,35.0,16.0,,
3.0,87.0,63.0,,,-49.55000000000001,166.05,24.0,7.0
3.0,88.0,68.0,24.0,87.6,42.3,,24.0,9.0
3.0,90.0,66.0,21.0,89.6,41.6,,incons,9.0
3.0,91.0,69.0,21.0,incons,incons,15.1,25.2,8.0
1.0,,73.0,23.0,86.1,36.8,21.6,24.9,8.0
3.0,99.20000000000002,66.0,20.0,74.4,-49.55000000000001,15.5,22.0,8.0
3.0,92.0,72.0,21.0,93.2,44.5,19.8,22.0,7.0
3.0,incons,70.0,incons,74.1,31.5,incons,22.8,9.0
1.0,92.0,73.0,25.0,95.7,41.2,20.9,28.2,8.0
3.0,93.0,68.0,,69.2,,14.6,22.6,11.0
3.0,94.0,73.0,20.0,82.2,35.0,17.1,27.0,8.0
3.0,94.0,71.0,36.0,,41.1,21.0,30.1,8.0
3.0,94.0,71.0,24.0,78.6,33.4,17.7,23.0,8.0
3.0,95.0,71.0,20.0,100.7,-49.55000000000001,18.2,28.0,8.0
3.0,99.20000000000002,76.0,24.0,88.2,35.7,17.7,30.1,8.0
-63.0,95.0,72.0,22.0,98.4,42.2,22.0,30.0,8.0
3.0,96.0,74.0,25.0,108.7,48.8,20.2,33.0,9.0
3.0,96.0,71.0,23.0,94.5,41.3,22.4,26.4,8.0
3.0,96.0,,incons,92.2,44.1,incons,27.0,8.0
3.0,99.0,71.0,24.0,99.3,42.8,20.9,29.9,8.0
3.0,99.0,incons,26.0,102.5,43.7,23.2,32.0,7.0
0.0,99.0,79.0,,,44.8,27.5,33.4,8.0
3.0,100.0,76.0,27.0,118.8,58.9,20.8,31.3,9.0
0.0,100.0,84.0,27.0,135.3,60.4,28.3,41.3,incons
3.0,100.0,75.0,29.0,115.9,47.8,incons,37.0,9.0
3.0,100.0,82.0,28.0,132.3,51.7,incons,39.2,9.0
,,75.0,25.0,113.9,51.8,incons,31.4,7.0
3.0,100.0,79.0,28.0,124.3,58.5,24.1,39.0,9.0
3.0,101.0,81.0,,120.3,60.3,22.0,36.0,152.25
3.0,101.0,76.0,24.0,118.8,51.9,28.7,36.0,incons
3.0,101.0,,21.0,,49.6,20.6,34.2,8.0
3.0,,76.0,24.0,,65.3,25.9,32.0,7.0
3.0,-44.400000000000006,incons,27.0,142.2,67.4,28.8,41.0,13.0
3.0,103.0,80.0,27.0,139.3,64.0,25.1,35.0,9.0
3.0,incons,80.0,26.0,116.5,46.6,27.3,194.375,10.0
3.0,104.0,79.0,25.0,132.6,60.1,-54.750000000000014,38.1,9.0
-63.0,105.0,80.0,25.0,139.3,73.8,27.7,32.8,-55.75
0.0,105.0,84.0,31.0,168.4,85.6,28.3,40.9,9.0
3.0,106.0,83.0,incons,138.8,78.1,22.2,33.4,-55.75
3.0,106.0,84.0,31.0,162.0,94.5,22.2,38.4,10.0
3.0,-44.400000000000006,83.0,22.0,114.9,50.5,24.7,37.8,9.0
3.0,99.20000000000002,85.0,26.0,153.5,83.8,24.1,42.0,9.0
3.0,107.0,80.0,27.0,120.5,57.9,-54.750000000000014,30.8,9.0
3.0,,83.0,30.0,115.3,71.9,27.0,-80.625,8.0
1.0,,82.0,26.0,142.9,67.0,incons,41.5,9.0
0.0,107.0,87.0,30.0,143.4,69.5,28.9,38.8,9.0
1.0,108.0,84.0,29.0,173.1,86.3,32.6,43.5,10.0
3.0,108.0,84.0,28.0,145.3,64.1,28.9,45.8,9.0
3.0,109.0,87.0,27.0,154.3,74.4,29.6,45.4,8.0
1.0,109.0,89.0,30.0,160.0,70.7,,41.4,-55.75
incons,109.0,86.0,30.0,145.7,60.4,166.05,50.9,10.0
3.0,,,incons,118.9,54.0,23.7,37.0,incons
3.0,110.0,86.0,29.0,157.9,74.9,34.2,44.6,11.0
1.0,110.0,81.0,25.0,130.2,59.3,27.4,40.0,9.0
incons,110.0,86.0,incons,174.9,82.6,166.05,49.6,9.0
3.0,110.0,87.0,28.0,150.7,65.7,incons,46.5,10.0
3.0,-44.400000000000006,85.0,27.0,146.1,66.5,30.9,43.0,9.0
,111.0,88.0,28.0,174.1,81.4,31.2,51.0,9.0
3.0,111.0,incons,31.0,147.9,62.7,28.7,incons,10.0
3.0,111.0,86.0,28.0,153.3,68.2,166.05,46.0,9.0
3.0,111.0,85.0,29.0,158.1,,35.3,45.0,9.0
3.0,99.20000000000002,85.0,27.0,164.1,74.3,37.0,47.2,incons
3.0,112.0,85.0,29.0,137.6,61.9,26.1,43.3,9.0
1.0,112.0,89.0,31.0,244.8,111.3,64.5,53.9,incons
3.0,112.0,91.0,29.0,194.8,109.4,32.3,47.0,9.0
3.0,113.0,-59.5,35.0,174.7,incons,42.0,,152.25
1.0,113.0,90.0,29.0,169.9,84.3,33.7,45.0,incons
0.0,113.0,89.0,30.0,159.2,72.7,,43.8,8.0
0.0,113.0,78.0,25.0,148.8,70.4,26.0,33.7,11.0
3.0,114.0,90.0,29.0,150.2,56.5,43.9,44.3,10.0
3.0,114.0,90.0,27.0,incons,76.3,28.3,49.0,8.0
1.0,114.0,incons,27.0,195.9,79.4,50.5,53.1,
-63.0,114.0,87.0,34.0,174.6,76.4,36.6,54.1,10.0
3.0,114.0,88.0,168.5,153.3,incons,35.7,40.4,10.0
incons,114.0,87.0,25.0,179.3,,36.7,55.0,9.0
1.0,115.0,84.0,27.0,171.4,92.2,29.4,194.375,incons
-63.0,115.0,96.0,33.0,215.6,102.2,41.9,61.2,9.0
0.0,115.0,92.0,31.0,178.4,88.3,35.2,44.0,
incons,116.0,92.0,31.0,incons,134.3,54.6,59.1,10.0
0.0,116.0,91.0,27.0,159.1,,33.4,40.8,
1.0,116.0,89.0,30.0,171.6,80.0,31.2,50.6,8.0
0.0,117.0,93.0,31.0,91.65,91.1,39.3,47.0,9.0
0.0,117.0,98.0,37.0,234.2,104.4,50.7,67.0,
3.0,117.0,95.0,32.0,210.1,96.0,46.8,57.0,
0.0,117.0,incons,33.0,222.7,116.5,46.9,54.8,10.0
-63.0,117.0,94.0,33.0,281.8,160.0,45.8,59.0,10.0
0.0,117.0,95.0,30.0,213.0,106.3,incons,57.7,10.0
0.0,117.0,90.0,36.0,159.9,67.2,,47.4,8.0
3.0,118.0,89.0,27.0,154.3,65.6,-54.750000000000014,46.0,9.0
,118.0,94.0,-85.5,237.4,119.7,45.4,62.0,9.0
0.0,118.0,91.0,31.0,177.1,77.6,37.6,incons,10.0
1.0,-44.400000000000006,93.0,30.0,incons,82.3,39.2,45.1,10.0
1.0,119.0,93.0,31.0,205.2,92.9,22.4,61.0,152.25
0.0,120.0,,34.0,226.3,101.6,54.4,incons,10.0
0.0,120.0,96.0,168.5,,90.2,37.7,65.0,11.0
3.0,120.0,95.0,30.0,224.0,113.0,49.3,54.0,10.0
1.0,-44.400000000000006,93.0,,208.0,95.1,50.0,incons,11.0
1.0,incons,91.0,29.0,177.9,83.8,incons,53.8,
0.0,120.0,,31.0,191.9,89.1,37.8,-80.625,11.0
3.0,121.0,97.0,30.0,247.6,126.3,45.2,66.0,11.0
0.0,121.0,98.0,28.0,195.1,83.8,41.2,63.0,10.0
3.0,121.0,-59.5,26.0,180.5,86.4,34.8,52.0,11.0
1.0,121.0,95.0,168.5,215.2,92.6,43.9,67.0,
1.0,121.0,94.0,,incons,108.1,44.3,55.0,
0.0,122.0,90.0,30.0,174.2,81.4,36.7,50.0,10.0
incons,122.0,96.0,33.0,incons,126.9,51.4,61.0,12.0
0.0,122.0,95.0,34.0,205.3,87.0,46.7,60.7,10.0
3.0,122.0,93.0,168.5,192.1,89.9,34.5,57.2,9.0
0.0,122.0,96.0,34.0,227.4,91.3,58.0,,10.0
0.0,122.0,92.0,32.0,200.0,98.8,39.4,incons,10.0
1.0,123.0,95.0,,200.8,89.5,38.6,57.9,10.0
0.0,123.0,94.0,33.0,225.6,89.3,43.9,incons,10.0
0.0,123.0,-59.5,168.5,210.8,96.9,45.6,59.0,10.0
1.0,123.0,95.0,33.0,204.6,98.1,39.1,60.7,12.0
0.0,123.0,95.0,34.0,225.8,95.9,60.4,60.0,10.0
0.0,,96.0,35.0,223.6,89.2,63.9,60.0,9.0
1.0,123.0,95.0,31.0,,96.8,,71.0,incons
0.0,incons,102.0,35.0,256.3,114.3,47.7,78.0,10.0
0.0,124.0,99.0,36.0,251.1,115.3,50.8,71.0,12.0
1.0,124.0,100.0,30.0,258.6,119.2,,,10.0
1.0,124.0,incons,32.0,,92.6,53.7,66.0,10.0
0.0,125.0,91.0,34.0,216.4,99.1,46.9,,9.0
1.0,125.0,101.0,35.0,230.0,109.5,51.2,60.9,11.0
1.0,125.0,103.0,32.0,252.8,114.3,65.2,194.375,
1.0,incons,96.0,31.0,-42.75000000000001,117.3,47.8,63.7,
1.0,126.0,97.0,34.0,264.1,118.9,69.0,69.0,9.0
3.0,126.0,101.0,36.0,254.4,120.5,59.0,63.0,11.0
0.0,126.0,97.0,29.0,212.4,101.3,35.7,incons,12.0
3.0,126.0,95.0,29.0,212.1,,43.9,56.0,10.0
,126.0,99.0,32.0,218.6,99.4,44.2,63.0,12.0
0.0,127.0,98.0,incons,220.2,106.8,37.3,69.1,10.0
1.0,127.0,,incons,291.9,141.0,52.9,78.0,9.0
1.0,127.0,99.0,35.0,,141.4,54.5,,9.0
0.0,127.0,95.0,34.0,238.7,104.1,,73.3,10.0
0.0,127.0,102.0,31.0,197.2,81.0,45.1,62.0,10.0
0.0,128.0,113.0,46.0,304.2,128.8,74.4,81.2,incons
0.0,128.0,incons,36.0,,97.3,59.9,-80.625,10.0
0.0,99.20000000000002,incons,32.0,236.7,111.2,47.7,-80.625,
incons,129.0,100.0,-53.500000000000014,280.2,123.3,70.3,74.5,10.0
incons,129.0,105.0,32.0,301.5,,49.0,86.5,11.0
1.0,130.0,incons,33.0,232.0,95.7,54.8,69.8,11.0
1.0,130.0,118.0,44.0,332.4,154.0,75.6,87.0,11.0
0.0,130.0,105.0,35.0,307.3,137.3,,81.0,11.0
0.0,130.0,102.0,38.0,308.4,143.1,74.7,75.0,9.0
1.0,130.0,102.0,34.0,313.4,144.9,69.8,78.2,10.0
1.0,131.0,105.0,38.0,271.9,112.8,64.3,79.7,10.0
incons,131.0,107.0,,328.9,146.1,71.9,92.0,13.0
1.0,incons,104.0,38.0,290.9,120.0,77.3,76.6,10.0
0.0,131.0,98.0,35.0,271.7,127.9,58.8,73.0,10.0
1.0,132.0,,42.0,309.6,144.8,70.5,,10.0
1.0,132.0,103.0,34.0,267.4,123.0,62.5,incons,10.0
1.0,133.0,106.0,incons,298.2,126.9,68.4,87.0,10.0
,134.0,,45.0,312.3,,97.4,74.5,incons
incons,134.0,101.0,35.0,202.9,-49.55000000000001,54.2,74.9,10.0
0.0,135.0,109.0,37.0,347.5,incons,62.7,93.8,13.0
0.0,137.0,109.0,41.0,358.5,,83.2,92.2,9.0
1.0,139.0,113.0,38.0,352.7,149.3,79.8,99.5,11.0
1.0,140.0,109.0,26.0,311.2,134.5,74.8,39.0,12.0
,141.0,113.0,103.0,442.0,221.5,97.3,102.4,10.0
0.0,141.0,111.0,43.0,428.2,209.3,76.6,105.6,11.0
1.0,141.0,114.0,36.0,306.9,192.0,83.9,86.0,12.0
1.0,142.0,110.0,34.0,322.8,148.6,69.0,90.0,-55.75
1.0,incons,115.0,34.0,386.7,182.6,77.8,102.0,13.0
incons,144.0,115.0,43.0,434.6,,112.8,107.3,12.0
1.0,145.0,120.0,40.0,347.4,139.4,71.7,119.0,11.0
1.0,146.0,116.0,38.0,incons,135.7,,104.0,152.25
incons,147.0,113.0,41.0,425.5,189.8,92.0,113.0,
1.0,149.0,114.0,43.0,450.0,231.3,incons,111.6,9.0
1.0,150.0,122.0,47.0,501.7,246.4,103.8,194.375,14.0
,163.0,130.0,incons,451.0,,84.0,159.5,14.0
3.0,28.0,21.0,7.0,2.8,1.1,0.5,0.8,3.0
3.0,46.0,33.0,12.0,10.3,3.8,2.9,7.2,4.0
155.0,73.0,53.0,27.0,44.3,21.0,9.4,-80.625,7.0
3.0,73.0,51.0,16.0,incons,15.7,6.9,10.6,5.0
3.0,74.0,54.0,19.0,46.4,26.5,8.2,12.3,6.0
incons,75.0,56.0,17.0,63.1,incons,9.2,13.4,7.0
3.0,77.0,incons,18.0,49.4,24.5,8.8,13.5,5.0
3.0,79.0,59.0,18.0,60.5,28.6,13.3,194.375,incons
3.0,80.0,58.0,,65.8,incons,9.1,16.5,6.0
3.0,80.0,170.5,18.0,56.3,23.7,12.2,16.0,7.0
3.0,81.0,62.0,19.0,68.5,35.7,12.8,17.1,8.0
3.0,81.0,58.0,18.0,56.5,22.4,15.0,16.3,7.0
3.0,81.0,60.0,-85.5,60.8,incons,12.2,16.1,6.0
3.0,82.0,64.0,,58.1,130.25,incons,incons,incons
0.0,incons,63.0,23.0,77.9,40.3,13.0,20.6,9.0
3.0,85.0,-59.5,,77.8,40.3,18.1,17.6,6.0
3.0,86.0,68.0,21.0,88.1,47.7,14.9,21.5,6.0
3.0,88.0,68.0,21.0,73.8,32.8,16.0,20.3,-55.75
0.0,88.0,64.0,24.0,91.3,incons,18.4,20.5,8.0
3.0,88.0,73.0,22.0,89.3,,incons,22.7,9.0
0.0,90.0,67.0,25.0,89.5,43.3,25.2,22.0,
3.0,91.0,67.0,27.0,100.2,54.8,,21.3,7.0
3.0,92.0,71.0,22.0,87.2,39.5,19.2,25.0,8.0
3.0,94.0,69.0,28.0,92.3,45.8,22.1,23.2,9.0
3.0,94.0,70.0,25.0,86.3,38.0,23.3,23.5,6.0
3.0,94.0,71.0,24.0,73.7,25.2,16.7,27.3,6.0
incons,95.0,170.5,25.0,129.8,69.4,166.05,28.4,8.0
3.0,95.0,73.0,incons,91.65,,18.6,23.3,7.0
1.0,95.0,73.0,23.0,113.2,56.2,,26.7,7.0
3.0,99.20000000000002,72.0,25.0,108.4,55.9,,29.4,7.0
3.0,97.0,76.0,24.0,94.5,41.5,21.5,29.4,6.0
incons,97.0,78.0,17.0,128.7,58.9,20.6,-80.625,8.0
0.0,97.0,74.0,26.0,105.2,49.7,,31.1,6.0
1.0,99.0,76.0,24.0,114.6,53.1,25.7,incons,7.0
0.0,101.0,77.0,incons,110.5,47.8,24.9,31.1,9.0
1.0,101.0,-59.5,27.0,137.1,72.2,31.3,-80.625,9.0
3.0,,79.0,25.0,111.2,53.9,19.2,34.0,8.0
0.0,103.0,85.0,29.0,187.3,99.4,36.2,,8.0
3.0,103.0,80.0,,112.5,50.0,24.9,34.0,7.0
0.0,104.0,80.0,25.0,111.8,50.8,27.8,29.8,8.0
155.0,105.0,80.0,28.0,144.1,73.7,incons,34.7,8.0
3.0,,86.0,26.0,140.9,69.2,28.3,37.8,9.0
0.0,106.0,80.0,25.0,151.5,130.25,30.2,35.0,-55.75
1.0,109.0,82.0,28.0,148.1,71.3,35.5,incons,9.0
incons,110.0,86.0,28.0,168.0,75.0,43.6,38.9,8.0
0.0,110.0,85.0,32.0,91.65,68.6,40.7,43.0,9.0
1.0,112.0,86.0,30.0,174.9,90.6,-54.750000000000014,194.375,8.0
1.0,112.0,87.0,30.0,174.3,95.1,36.7,36.7,9.0
0.0,114.0,89.0,30.0,197.5,100.8,41.4,49.8,8.0
0.0,115.0,93.0,30.0,incons,119.0,41.3,incons,9.0
,115.0,92.0,33.0,183.1,80.1,49.3,47.7,8.0
1.0,116.0,92.0,35.0,233.0,130.0,44.1,61.1,9.0
1.0,116.0,87.0,28.0,190.6,95.0,43.3,incons,9.0
,117.0,91.0,incons,181.2,-49.55000000000001,46.0,46.7,8.0
0.0,118.0,88.0,30.0,174.5,77.4,43.0,49.0,8.0
1.0,,,30.0,230.2,122.6,47.8,50.3,9.0
incons,118.0,92.0,29.0,198.1,90.6,44.1,55.0,8.0
1.0,99.20000000000002,incons,32.0,208.0,90.4,53.1,,9.0
incons,120.0,91.0,31.0,189.0,87.3,41.7,50.0,8.0
0.0,120.0,93.0,40.0,251.8,128.1,39.7,71.4,9.0
incons,121.0,97.0,incons,190.3,90.7,-54.750000000000014,55.3,11.0
1.0,121.0,97.0,32.0,240.2,83.4,57.5,76.0,9.0
1.0,121.0,103.0,34.0,257.8,120.0,58.9,66.3,9.0
1.0,122.0,97.0,34.0,220.1,,incons,61.0,11.0
3.0,123.0,95.0,-85.5,168.5,70.6,38.3,50.2,incons
0.0,124.0,incons,31.0,209.8,92.4,46.2,50.0,-55.75
1.0,124.0,87.0,31.0,91.65,-49.55000000000001,,55.0,8.0
0.0,124.0,96.0,33.0,214.5,96.3,47.0,62.4,9.0
0.0,125.0,104.0,35.0,282.1,138.2,64.4,69.3,
0.0,125.0,94.0,36.0,227.2,incons,64.9,61.0,
0.0,126.0,94.0,29.0,220.1,104.0,52.0,55.2,9.0
1.0,126.0,100.0,35.0,222.1,93.4,53.6,65.8,10.0
incons,126.0,91.0,30.0,226.3,96.2,54.9,61.0,9.0
0.0,126.0,96.0,30.0,254.2,132.1,48.5,62.0,11.0
1.0,126.0,98.0,45.0,267.2,136.1,51.8,64.9,10.0
1.0,127.0,101.0,29.0,226.9,101.0,53.1,63.0,10.0
0.0,127.0,102.0,37.0,261.6,108.8,63.6,75.4,8.0
1.0,128.0,103.0,41.0,306.7,132.7,66.9,80.5,9.0
1.0,129.0,103.0,35.0,309.2,140.7,73.0,83.0,10.0
0.0,129.0,102.0,31.0,incons,128.1,71.7,86.0,11.0
1.0,129.0,101.0,33.0,263.6,110.0,60.3,67.0,11.0
1.0,130.0,109.0,35.0,incons,118.0,65.2,99.0,10.0
0.0,130.0,103.0,35.0,,135.4,60.9,80.0,10.0
1.0,130.0,100.0,32.0,276.5,140.4,60.8,63.9,152.25
0.0,99.20000000000002,97.0,28.0,235.0,95.0,48.7,43.0,-55.75
1.0,131.0,108.0,43.0,311.1,139.0,59.2,88.8,152.25
0.0,99.20000000000002,102.0,43.0,356.7,177.7,81.9,194.375,incons
0.0,132.0,incons,33.0,274.8,117.8,70.2,,
1.0,133.0,,36.0,277.8,-49.55000000000001,64.8,79.0,10.0
0.0,134.0,109.0,40.0,,166.6,74.8,incons,11.0
0.0,134.0,102.0,168.5,305.3,130.2,89.5,69.0,10.0
-63.0,134.0,100.0,38.0,303.8,123.2,77.6,83.0,10.0
1.0,136.0,100.0,37.0,348.2,153.3,65.1,93.7,12.0
,136.0,103.0,34.0,322.3,168.3,61.2,79.0,11.0
0.0,138.0,105.0,40.0,-42.75000000000001,183.3,66.5,92.2,12.0
1.0,140.0,110.0,34.0,336.8,150.7,65.3,64.0,incons
0.0,140.0,111.0,40.0,371.6,146.0,73.3,119.0,11.0
0.0,141.0,112.0,33.0,335.0,159.4,81.9,77.6,10.0
0.0,144.0,113.0,,421.1,203.4,72.6,98.8,-55.75
0.0,145.0,115.0,48.0,442.0,270.2,incons,100.3,incons
,-44.400000000000006,114.0,36.0,374.5,182.3,85.4,194.375,10.0
0.0,150.0,110.0,36.0,378.6,188.4,79.4,89.0,11.0
3.0,-44.400000000000006,34.0,9.0,91.65,3.8,2.2,2.6,
3.0,99.20000000000002,42.0,11.0,20.2,8.3,3.4,6.7,5.0
3.0,incons,43.0,14.0,24.2,9.4,3.1,incons,6.0
155.0,60.0,46.0,17.0,incons,10.0,3.5,8.3,6.0
3.0,61.0,45.0,18.0,29.3,12.6,6.8,8.3,6.0
3.0,99.20000000000002,51.0,16.0,33.6,15.8,7.1,10.0,5.0
incons,70.0,52.0,,91.65,18.0,4.9,,5.0
,71.0,54.0,15.0,35.5,15.8,6.3,10.8,6.0
3.0,71.0,52.0,18.0,39.7,14.3,,11.6,7.0
3.0,72.0,54.0,19.0,40.0,14.6,11.2,12.2,8.0
3.0,72.0,55.0,15.0,,19.7,8.8,13.2,7.0
3.0,72.0,53.0,15.0,36.9,16.6,7.3,11.0,7.0
3.0,73.0,54.0,incons,44.5,18.7,10.5,13.2,7.0
3.0,74.0,54.0,19.0,,19.4,,13.0,152.25
3.0,-44.400000000000006,,16.0,91.65,130.25,18.5,14.0,7.0
3.0,76.0,57.0,19.0,48.6,17.9,13.3,15.0,7.0
3.0,76.0,58.0,20.0,47.4,21.6,7.9,16.4,6.0
3.0,77.0,,18.0,47.3,20.0,10.1,15.2,8.0
3.0,77.0,56.0,19.0,51.4,23.8,11.8,14.0,7.0
3.0,77.0,incons,18.0,61.6,30.5,11.2,16.7,8.0
3.0,78.0,-59.5,18.0,50.4,21.3,10.6,16.0,7.0
3.0,78.0,57.0,20.0,56.2,incons,12.4,15.4,7.0
3.0,78.0,58.0,20.0,44.5,19.0,166.05,14.6,incons
3.0,82.0,-59.5,,60.8,25.8,,19.1,8.0
3.0,82.0,60.0,18.0,56.0,28.2,11.5,15.0,8.0
3.0,83.0,65.0,20.0,62.6,27.8,12.5,19.3,7.0
3.0,85.0,65.0,22.0,63.4,27.0,9.6,18.0,8.0
3.0,85.0,170.5,16.0,60.6,26.2,11.7,19.0,7.0
3.0,87.0,67.0,20.0,,130.25,incons,22.0,7.0
3.0,87.0,65.0,22.0,73.4,31.9,16.0,21.0,6.0
3.0,90.0,68.0,-85.5,64.9,27.7,12.8,21.0,8.0
3.0,90.0,67.0,22.0,83.9,36.2,17.0,26.9,7.0
incons,incons,72.0,,91.4,41.7,17.1,29.4,10.0
3.0,-44.400000000000006,70.0,22.0,80.0,35.2,16.6,24.1,7.0
3.0,92.0,incons,22.0,85.1,40.3,16.2,,
3.0,93.0,74.0,24.0,87.3,37.6,16.3,29.4,9.0
incons,93.0,69.0,22.0,78.6,36.5,14.7,24.0,8.0
3.0,,71.0,25.0,99.8,42.0,19.7,31.0,8.0
3.0,,,29.0,,,27.4,38.0,8.0
0.0,95.0,72.0,-85.5,85.7,39.3,19.8,22.4,7.0
incons,95.0,72.0,25.0,98.1,41.0,26.1,,
155.0,96.0,170.5,25.0,94.8,35.8,-54.750000000000014,35.0,9.0
3.0,96.0,74.0,24.0,107.2,50.2,22.8,30.0,incons
0.0,96.0,71.0,incons,92.8,44.2,21.2,,8.0
155.0,97.0,75.0,168.5,120.5,58.7,25.7,32.0,7.0
incons,98.0,75.0,-85.5,92.3,40.8,18.9,28.6,8.0
incons,98.0,incons,27.0,124.8,60.7,25.7,33.8,8.0
3.0,99.0,74.0,incons,94.3,41.5,18.2,30.0,8.0
3.0,99.0,80.0,21.0,120.4,50.1,25.3,38.0,8.0
3.0,100.0,80.0,24.0,123.2,52.2,28.6,,8.0
3.0,100.0,78.0,24.0,119.1,49.1,29.4,34.6,8.0
3.0,100.0,75.0,28.0,111.8,47.5,27.0,33.8,9.0
3.0,102.0,incons,26.0,-42.75000000000001,56.2,28.6,32.4,7.0
155.0,99.20000000000002,75.0,22.0,121.3,,26.2,30.0,152.25
3.0,103.0,72.0,25.0,94.5,36.3,25.0,27.6,9.0
3.0,103.0,170.5,21.0,94.9,42.6,24.6,25.5,10.0
3.0,103.0,79.0,25.0,132.7,64.0,28.0,34.0,8.0
3.0,103.0,78.0,25.0,114.1,47.6,-54.750000000000014,37.0,8.0
incons,-44.400000000000006,,29.0,incons,59.3,31.9,incons,9.0
-63.0,104.0,78.0,26.0,110.9,47.1,incons,37.9,7.0
0.0,105.0,83.0,29.0,169.0,70.5,32.7,,8.0
3.0,105.0,78.0,24.0,132.8,62.3,29.4,35.6,9.0
3.0,105.0,76.0,27.0,123.0,52.2,31.8,35.0,8.0
3.0,,80.0,28.0,130.8,61.0,,33.8,7.0
0.0,,80.0,31.0,141.4,56.4,32.1,incons,9.0
3.0,106.0,84.0,24.0,119.3,,28.2,35.4,7.0
3.0,106.0,86.0,27.0,125.1,49.0,29.1,42.7,10.0
3.0,106.0,80.0,29.0,-42.75000000000001,130.25,26.1,39.0,incons
3.0,106.0,84.0,26.0,167.3,74.9,33.4,49.8,11.0
3.0,107.0,,26.0,131.4,56.7,32.4,35.0,7.0
3.0,108.0,86.0,34.0,167.2,74.5,36.3,48.0,9.0
3.0,108.0,85.0,28.0,148.4,-49.55000000000001,27.9,50.0,
155.0,108.0,86.0,28.0,163.9,78.7,166.05,45.9,9.0
0.0,108.0,91.0,28.0,194.4,83.8,51.0,53.8,10.0
3.0,108.0,84.0,28.0,125.5,,23.5,47.0,152.25
3.0,108.0,85.0,26.0,144.1,59.1,33.8,45.0,10.0
3.0,,85.0,27.0,137.2,69.5,30.9,42.6,8.0
3.0,109.0,80.0,26.0,137.2,65.7,-54.750000000000014,36.0,9.0
3.0,109.0,,24.0,108.6,,23.1,194.375,8.0
3.0,109.0,84.0,25.0,143.4,71.6,22.4,44.0,8.0
0.0,110.0,incons,28.0,152.5,65.4,33.7,51.8,-55.75
3.0,-44.400000000000006,85.0,168.5,127.8,53.8,,43.4,9.0
3.0,110.0,84.0,,163.2,79.9,29.7,46.0,12.0
3.0,110.0,83.0,incons,156.3,74.6,32.0,44.3,8.0
3.0,,85.0,30.0,153.3,-49.55000000000001,35.2,42.0,152.25
3.0,111.0,79.0,26.0,111.7,44.4,24.9,194.375,9.0
3.0,111.0,87.0,28.0,153.0,78.9,30.0,41.2,8.0
3.0,111.0,92.0,29.0,180.1,76.9,31.6,55.3,11.0
3.0,112.0,89.0,30.0,164.5,73.7,37.4,47.2,10.0
3.0,112.0,88.0,26.0,144.7,69.8,29.8,40.0,8.0
0.0,incons,85.0,27.0,169.8,65.3,44.2,52.9,10.0
3.0,incons,84.0,incons,,incons,37.2,46.2,9.0
1.0,113.0,88.0,30.0,172.6,87.0,29.8,54.0,9.0
0.0,113.0,88.0,25.0,160.4,71.9,incons,43.0,9.0
0.0,113.0,86.0,30.0,166.2,84.9,34.7,43.8,10.0
1.0,114.0,90.0,27.0,156.1,66.9,166.05,42.0,8.0
0.0,114.0,90.0,28.0,159.0,67.7,29.6,49.0,incons
3.0,99.20000000000002,87.0,34.0,169.6,80.0,33.2,50.0,9.0
3.0,114.0,86.0,29.0,166.6,70.8,28.8,56.3,10.0
3.0,114.0,incons,31.0,173.4,74.1,34.1,56.0,9.0
3.0,114.0,,29.0,148.1,61.2,34.4,36.5,12.0
0.0,115.0,91.0,33.0,173.4,75.3,36.1,53.6,8.0
-63.0,115.0,85.0,27.0,159.3,,39.2,47.8,10.0
1.0,115.0,94.0,31.0,223.2,101.8,47.6,68.0,10.0
3.0,115.0,90.0,,156.0,65.5,37.6,47.0,9.0
0.0,115.0,94.0,37.0,,74.9,43.5,71.0,10.0
-63.0,-44.400000000000006,93.0,39.0,199.3,incons,49.4,94.0,8.0
3.0,,89.0,34.0,160.3,69.5,29.3,50.0,9.0
incons,115.0,90.0,27.0,161.4,72.3,35.2,50.8,10.0
1.0,115.0,87.0,30.0,91.65,92.1,43.6,72.0,8.0
0.0,incons,89.0,incons,-42.75000000000001,80.1,39.6,47.8,9.0
0.0,115.0,88.0,-85.5,192.3,96.6,33.2,55.0,
1.0,116.0,87.0,30.0,166.8,85.6,30.3,46.0,incons
0.0,116.0,92.0,incons,206.7,93.8,44.5,59.0,
0.0,,86.0,,159.6,73.0,34.6,45.7,10.0
3.0,116.0,89.0,25.0,141.9,60.6,28.1,incons,9.0
1.0,117.0,89.0,28.0,-42.75000000000001,86.1,44.1,50.6,10.0
0.0,118.0,98.0,33.0,241.4,111.8,47.0,61.8,10.0
3.0,118.0,90.0,29.0,204.4,85.6,53.6,53.0,10.0
3.0,118.0,92.0,29.0,180.3,83.8,35.7,52.0,11.0
1.0,119.0,87.0,30.0,180.0,83.5,-54.750000000000014,53.0,8.0
0.0,119.0,90.0,28.0,167.6,79.3,38.8,-80.625,incons
0.0,119.0,,29.0,191.8,92.6,41.3,50.7,10.0
3.0,119.0,92.0,30.0,166.7,75.4,38.5,47.0,8.0
1.0,99.20000000000002,170.5,31.0,194.7,85.4,40.9,60.0,8.0
1.0,120.0,95.0,30.0,226.0,115.0,39.2,61.0,-55.75
incons,120.0,96.0,33.0,183.3,82.7,39.3,-80.625,9.0
3.0,,96.0,34.0,183.5,76.0,44.5,194.375,8.0
1.0,120.0,96.0,36.0,212.9,89.9,49.1,65.0,10.0
,120.0,94.0,33.0,211.8,130.25,48.2,55.0,9.0
0.0,120.0,94.0,,238.8,112.5,60.9,52.7,10.0
1.0,incons,91.0,29.0,195.5,93.6,35.5,55.0,9.0
0.0,121.0,95.0,29.0,176.8,76.7,38.1,54.0,8.0
3.0,121.0,94.0,29.0,160.5,75.8,45.3,44.0,
1.0,121.0,96.0,28.0,198.2,94.7,46.9,48.0,8.0
1.0,121.0,94.0,31.0,194.8,78.6,44.8,incons,9.0
1.0,121.0,101.0,36.0,286.8,145.7,,86.2,11.0
0.0,122.0,95.0,31.0,196.6,91.3,45.6,53.2,10.0
1.0,122.0,93.0,32.0,214.5,96.7,50.3,56.0,10.0
1.0,122.0,97.0,,248.1,120.5,58.3,61.7,12.0
0.0,122.0,94.0,32.0,204.4,89.8,46.9,58.9,9.0
1.0,122.0,95.0,32.0,223.1,130.25,44.6,75.8,10.0
3.0,incons,170.5,25.0,184.5,,38.0,52.0,9.0
0.0,122.0,94.0,34.0,223.7,104.5,48.1,62.0,9.0
1.0,122.0,-59.5,36.0,255.9,114.7,57.1,71.0,-55.75
0.0,123.0,94.0,32.0,203.5,94.6,166.05,56.0,10.0
0.0,123.0,95.0,35.0,244.8,120.7,52.2,62.2,
3.0,124.0,97.0,36.0,incons,98.7,51.2,63.0,12.0
1.0,124.0,103.0,31.0,265.1,133.7,52.1,67.0,12.0
0.0,124.0,103.0,35.0,244.2,107.0,48.2,,13.0
1.0,124.0,108.0,33.0,227.8,99.9,48.7,71.4,11.0
3.0,124.0,98.0,32.0,-42.75000000000001,89.2,49.2,61.0,11.0
1.0,124.0,96.0,36.0,244.3,116.4,53.9,-80.625,12.0
3.0,124.0,94.0,28.0,171.3,71.9,incons,,9.0
3.0,124.0,90.0,27.0,184.8,71.6,45.3,59.3,10.0
0.0,124.0,96.0,30.0,253.2,125.7,51.5,61.8,12.0
1.0,124.0,96.0,35.0,208.1,92.8,incons,60.0,9.0
0.0,125.0,98.0,33.0,223.3,97.9,52.3,66.5,11.0
0.0,125.0,95.0,32.0,216.9,100.1,47.1,62.1,10.0
0.0,125.0,100.0,34.0,219.7,-49.55000000000001,44.0,70.8,9.0
3.0,125.0,94.0,31.0,239.1,128.6,41.1,62.9,152.25
-63.0,125.0,97.0,35.0,,135.3,52.3,74.1,10.0
3.0,125.0,incons,30.0,208.8,87.6,57.3,55.6,9.0
0.0,126.0,,34.0,91.65,,53.2,incons,9.0
1.0,126.0,100.0,36.0,incons,102.8,46.5,79.9,8.0
0.0,126.0,98.0,34.0,234.9,105.1,,67.8,11.0
0.0,126.0,97.0,33.0,246.6,131.3,46.3,60.7,10.0
0.0,126.0,99.0,35.0,253.9,121.0,54.2,65.6,11.0
3.0,127.0,100.0,33.0,297.8,143.0,68.9,72.3,incons
0.0,127.0,100.0,34.0,286.9,122.2,61.8,83.6,12.0
155.0,127.0,98.0,35.0,248.7,-49.55000000000001,,61.0,10.0
1.0,-44.400000000000006,98.0,34.0,252.3,107.7,53.3,76.0,9.0
1.0,128.0,101.0,33.0,244.7,104.3,53.9,72.0,10.0
-63.0,128.0,103.0,36.0,incons,109.5,58.5,73.7,10.0
0.0,128.0,105.0,incons,341.4,152.6,84.1,88.7,11.0
0.0,129.0,101.0,30.0,232.1,103.8,52.3,67.0,10.0
0.0,129.0,100.0,35.0,257.2,112.9,57.6,77.2,12.0
incons,,,incons,311.9,148.2,74.3,76.9,14.0
,129.0,170.5,38.0,294.9,-49.55000000000001,69.0,96.0,9.0
0.0,129.0,102.0,168.5,245.2,117.7,166.05,74.9,10.0
0.0,incons,102.0,32.0,266.0,133.3,61.8,63.4,9.0
1.0,129.0,102.0,,248.3,116.3,55.2,63.0,9.0
0.0,129.0,incons,35.0,267.5,110.8,61.6,83.0,
incons,incons,incons,38.0,272.6,114.6,72.4,72.0,10.0
155.0,129.0,97.0,30.0,244.3,113.9,166.05,66.0,9.0
1.0,129.0,96.0,38.0,274.2,138.5,58.1,70.0,12.0
1.0,,99.0,31.0,91.65,-49.55000000000001,63.9,67.0,
0.0,130.0,101.0,38.0,254.8,118.0,46.0,78.2,11.0
0.0,130.0,incons,37.0,incons,133.0,67.4,75.6,11.0
incons,99.20000000000002,102.0,,276.7,130.25,58.1,73.3,9.0
0.0,131.0,110.0,36.0,254.8,117.2,56.2,73.0,10.0
1.0,incons,102.0,30.0,208.6,95.9,44.6,194.375,9.0
1.0,131.0,101.0,38.0,269.7,118.7,54.9,85.0,12.0
,131.0,101.0,39.0,-42.75000000000001,137.6,76.1,72.6,11.0
0.0,132.0,100.0,33.0,263.9,133.4,53.8,68.2,9.0
1.0,132.0,107.0,35.0,303.5,142.2,incons,83.0,12.0
0.0,99.20000000000002,106.0,39.0,310.1,130.1,65.9,99.0,10.0
-63.0,132.0,102.0,33.0,327.5,153.7,70.9,incons,-55.75
0.0,133.0,105.0,-85.5,288.6,132.7,76.9,70.6,11.0
0.0,133.0,101.0,32.0,257.8,122.9,50.6,73.3,11.0
1.0,133.0,101.0,32.0,258.3,126.2,58.5,,11.0
incons,133.0,104.0,35.0,274.5,121.2,64.0,79.0,12.0
0.0,133.0,100.0,35.0,incons,121.5,62.8,63.0,9.0
0.0,134.0,incons,32.0,incons,125.1,62.2,61.6,-55.75
0.0,,104.0,33.0,278.0,142.2,,-80.625,11.0
1.0,134.0,104.0,38.0,264.0,incons,61.9,85.5,13.0
1.0,-44.400000000000006,110.0,31.0,313.2,171.6,67.8,70.8,10.0
1.0,134.0,108.0,168.5,323.8,148.0,66.1,93.0,11.0
0.0,135.0,105.0,32.0,256.7,,55.1,70.9,13.0
1.0,135.0,102.0,39.0,-42.75000000000001,120.9,,,10.0
155.0,99.20000000000002,104.0,39.0,290.7,incons,78.2,82.5,10.0
1.0,-44.400000000000006,102.0,40.0,321.5,142.8,67.8,194.375,
0.0,137.0,104.0,30.0,274.7,143.7,58.6,,11.0
incons,,113.0,35.0,327.6,155.5,75.0,87.6,11.0
1.0,138.0,110.0,incons,,137.4,166.05,92.0,12.0
0.0,140.0,113.0,incons,incons,168.9,78.7,108.0,10.0
,incons,107.0,35.0,354.6,136.1,96.0,102.4,15.0
-63.0,141.0,170.5,34.0,316.0,128.7,166.05,53.0,11.0
0.0,142.0,115.0,168.5,401.8,197.9,89.5,100.4,
,142.0,114.0,39.0,396.1,198.5,incons,96.0,12.0
1.0,142.0,108.0,41.0,316.1,160.4,-54.750000000000014,87.0,10.0
0.0,142.0,112.0,44.0,incons,184.3,90.8,-80.625,11.0
0.0,144.0,114.0,40.0,365.5,183.8,73.2,97.0,10.0
0.0,,110.0,41.0,425.0,229.1,incons,194.375,13.0
1.0,144.0,105.0,36.0,289.0,126.2,64.3,87.0,7.0
1.0,145.0,113.0,42.0,428.5,206.0,97.4,100.6,14.0
1.0,146.0,112.0,38.0,388.5,159.8,103.9,113.1,11.0
0.0,147.0,118.0,43.0,349.4,145.5,80.6,194.375,11.0
1.0,148.0,113.0,41.0,423.8,193.1,103.7,96.4,12.0
1.0,150.0,113.0,43.0,,154.7,96.5,-80.625,11.0
0.0,150.0,119.0,41.0,444.1,216.6,84.2,,12.0
0.0,154.0,124.0,39.0,503.1,223.1,,128.4,12.0
0.0,155.0,126.0,50.0,555.9,269.7,152.0,115.6,incons
3.0,55.0,35.0,18.0,46.3,19.2,11.4,14.1,5.0
incons,75.0,170.5,20.0,78.8,33.2,18.2,22.5,6.0
1.0,75.0,incons,27.0,119.4,54.4,26.2,33.5,
,78.0,56.0,25.0,112.8,60.7,19.1,28.6,7.0
3.0,87.0,-59.5,24.0,119.3,51.8,27.8,incons,8.0
0.0,89.0,64.0,24.0,,-49.55000000000001,-54.750000000000014,23.4,7.0
3.0,91.0,67.0,21.0,incons,45.8,,20.0,incons
3.0,91.0,65.0,27.0,91.65,80.1,34.3,42.2,8.0
3.0,91.0,69.0,22.0,-42.75000000000001,41.4,17.1,24.3,8.0
3.0,93.0,,,152.3,72.4,30.7,incons,10.0
0.0,93.0,,23.0,115.9,59.0,27.9,24.0,7.0
3.0,97.0,73.0,incons,104.1,39.0,24.6,36.4,8.0
incons,97.0,74.0,31.0,91.65,83.8,49.1,-80.625,9.0
3.0,97.0,69.0,32.0,173.8,,37.0,63.8,9.0
1.0,98.0,incons,32.0,175.9,incons,43.0,56.5,8.0
incons,100.0,74.0,30.0,212.3,98.8,44.6,59.2,152.25
0.0,103.0,70.0,31.0,184.5,83.7,39.6,54.6,9.0
0.0,103.0,79.0,27.0,201.4,94.4,49.9,50.4,8.0
0.0,105.0,73.0,34.0,192.1,87.6,44.5,incons,10.0
0.0,105.0,76.0,25.0,130.0,60.6,31.0,incons,7.0
0.0,106.0,82.0,28.0,150.9,69.9,34.3,42.1,8.0
1.0,-44.400000000000006,85.0,27.0,154.2,75.3,36.3,,8.0
3.0,107.0,77.0,36.0,incons,99.1,45.9,60.8,8.0
3.0,109.0,84.0,33.0,178.7,84.7,43.9,,8.0
1.0,incons,83.0,incons,91.65,113.4,63.6,80.6,10.0
1.0,109.0,77.0,30.0,223.7,108.5,48.9,56.9,9.0
1.0,110.0,76.0,33.0,241.0,108.6,58.8,194.375,10.0
0.0,110.0,84.0,incons,268.1,126.5,62.2,68.8,10.0
0.0,114.0,91.0,35.0,204.0,96.1,42.9,58.0,incons
0.0,99.20000000000002,88.0,37.0,-42.75000000000001,101.5,44.9,49.7,10.0
3.0,115.0,90.0,26.0,-42.75000000000001,80.6,34.3,42.6,10.0
1.0,116.0,86.0,34.0,296.0,130.7,64.8,83.1,10.0
0.0,117.0,91.0,29.0,190.6,78.9,53.7,51.6,10.0
3.0,117.0,-59.5,30.0,178.3,79.5,40.7,50.6,8.0
,120.0,99.0,35.0,260.1,123.9,56.8,65.7,-55.75
0.0,120.0,93.0,,207.6,99.5,44.1,50.2,9.0
0.0,121.0,95.0,35.0,250.5,111.5,61.1,68.6,9.0
0.0,121.0,95.0,30.0,230.0,115.0,46.4,59.4,10.0
1.0,122.0,170.5,30.0,222.7,103.9,51.5,60.1,11.0
incons,123.0,91.0,29.0,223.1,100.9,47.6,63.0,10.0
0.0,124.0,94.0,29.0,217.3,102.2,-54.750000000000014,51.3,10.0
0.0,125.0,99.0,35.0,250.8,116.3,57.2,-80.625,9.0
0.0,125.0,incons,37.0,233.8,,50.7,68.8,incons
-63.0,127.0,99.0,39.0,,89.0,62.3,69.5,11.0
incons,127.0,95.0,30.0,236.9,106.6,61.4,58.2,10.0
incons,128.0,95.0,28.0,214.5,97.9,-54.750000000000014,62.0,8.0
,129.0,100.0,32.0,276.3,134.4,65.2,63.0,9.0
0.0,130.0,105.0,38.0,322.5,155.4,73.7,79.3,11.0
0.0,130.0,97.0,32.0,347.9,114.3,55.7,61.5,10.0
1.0,131.0,104.0,40.0,309.5,142.6,62.8,incons,incons
0.0,131.0,109.0,38.0,284.9,126.5,66.6,75.6,10.0
1.0,133.0,103.0,37.0,268.1,111.9,58.6,87.5,11.0
1.0,135.0,106.0,35.0,289.3,135.5,66.0,,10.0
1.0,137.0,107.0,35.0,316.9,143.5,75.5,84.3,9.0
1.0,139.0,110.0,37.0,335.8,161.0,80.3,79.3,10.0
0.0,139.0,106.0,38.0,91.65,,87.2,194.375,11.0
1.0,141.0,109.0,168.5,307.9,121.5,73.5,92.9,13.0
1.0,144.0,110.0,39.0,incons,214.3,85.3,100.3,9.0
0.0,144.0,112.0,36.0,317.3,138.2,75.0,88.5,11.0
0.0,146.0,115.0,42.0,413.8,,81.8,128.6,11.0
3.0,37.0,27.0,8.0,5.4,2.1,1.1,1.8,5.0
3.0,48.0,36.0,11.0,,4.7,2.6,incons,4.0
3.0,62.0,43.0,15.0,25.5,11.3,5.5,7.2,7.0
3.0,68.0,52.0,168.5,37.7,16.3,6.7,12.0,
3.0,70.0,53.0,,40.0,18.0,8.4,-80.625,7.0
3.0,73.0,54.0,17.0,39.4,-49.55000000000001,6.5,13.0,-55.75
3.0,73.0,55.0,17.0,44.6,19.6,7.5,15.0,7.0
3.0,73.0,-59.5,15.0,44.3,19.0,8.9,14.0,6.0
3.0,78.0,62.0,21.0,53.3,-49.55000000000001,10.5,,8.0
3.0,81.0,60.0,18.0,53.8,20.6,13.4,22.0,incons
3.0,82.0,incons,19.0,56.1,22.8,6.9,22.0,7.0
3.0,82.0,67.0,21.0,66.1,28.1,12.8,21.0,7.0
3.0,83.0,incons,incons,56.3,24.9,12.3,incons,6.0
3.0,83.0,62.0,20.0,56.1,22.8,11.3,19.5,6.0
3.0,,62.0,19.0,91.65,22.5,12.5,23.0,-55.75
3.0,84.0,170.5,20.0,73.6,33.5,12.5,22.7,11.0
3.0,86.0,68.0,20.0,68.1,27.9,13.3,24.0,8.0
3.0,87.0,-59.5,20.0,64.9,27.0,15.7,19.6,7.0
3.0,87.0,incons,22.0,76.0,30.3,incons,22.0,7.0
3.0,87.0,-59.5,21.0,-42.75000000000001,31.2,11.1,21.0,8.0
3.0,87.0,69.0,24.0,64.3,26.0,11.2,23.7,7.0
3.0,89.0,66.0,22.0,71.6,30.5,-54.750000000000014,23.7,8.0
155.0,93.0,,22.0,89.0,32.7,19.2,33.2,
3.0,94.0,75.0,24.0,97.4,39.2,19.8,27.0,8.0
3.0,,68.0,21.0,90.7,40.6,16.0,29.3,9.0
3.0,97.0,77.0,26.0,113.6,50.1,35.6,30.8,7.0
3.0,97.0,72.0,24.0,103.1,49.3,20.5,29.4,8.0
3.0,incons,74.0,168.5,incons,37.7,19.3,30.0,9.0
3.0,99.0,76.0,27.0,91.65,41.3,23.3,33.0,8.0
3.0,99.0,76.0,29.0,100.0,41.0,29.6,30.1,8.0
155.0,99.0,75.0,28.0,98.8,36.2,19.5,38.2,8.0
3.0,incons,76.0,,-42.75000000000001,56.0,21.2,30.0,9.0
3.0,101.0,81.0,26.0,119.8,44.9,23.5,45.0,11.0
3.0,101.0,incons,29.0,140.9,-49.55000000000001,28.5,194.375,8.0
1.0,102.0,80.0,24.0,,69.4,22.1,39.0,10.0
3.0,103.0,83.0,27.0,142.5,57.0,30.4,49.0,10.0
3.0,103.0,84.0,30.0,134.5,incons,26.7,-80.625,10.0
155.0,103.0,77.0,22.0,115.7,50.6,32.0,,8.0
3.0,104.0,82.0,22.0,103.7,43.3,18.3,36.8,152.25
,104.0,83.0,28.0,127.5,61.6,26.7,33.6,9.0
incons,104.0,79.0,25.0,116.1,incons,29.2,33.0,9.0
3.0,104.0,76.0,23.0,132.9,65.7,incons,28.5,incons
3.0,-44.400000000000006,77.0,23.0,116.2,51.1,31.2,28.6,10.0
3.0,105.0,83.0,24.0,119.2,56.1,24.0,33.9,9.0
3.0,105.0,81.0,,139.3,60.9,30.7,42.0,8.0
3.0,105.0,80.0,29.0,121.9,incons,31.8,35.0,9.0
3.0,incons,170.5,28.0,-42.75000000000001,incons,19.3,46.0,8.0
,106.0,86.0,32.0,144.9,64.2,25.5,48.0,9.0
3.0,106.0,79.0,26.0,115.0,49.4,23.0,36.6,-55.75
3.0,106.0,81.0,24.0,126.4,54.3,29.6,37.5,9.0
3.0,107.0,91.0,28.0,200.3,106.0,35.3,48.8,9.0
155.0,108.0,85.0,32.0,incons,-49.55000000000001,40.1,59.0,9.0
3.0,108.0,79.0,27.0,131.1,incons,31.0,38.4,9.0
3.0,108.0,78.0,25.0,125.1,50.5,166.05,38.0,8.0
3.0,109.0,85.0,28.0,,61.0,46.2,48.8,10.0
3.0,109.0,86.0,,incons,52.3,28.1,50.0,9.0
3.0,110.0,87.0,28.0,159.9,59.0,38.1,,10.0
3.0,110.0,90.0,-85.5,160.8,67.5,28.1,46.0,6.0
0.0,111.0,incons,28.0,incons,68.2,32.9,42.8,8.0
,111.0,82.0,,119.8,46.9,,38.8,8.0
0.0,111.0,80.0,26.0,141.5,66.4,incons,incons,7.0
3.0,111.0,90.0,35.0,147.6,60.8,35.1,44.0,9.0
0.0,111.0,91.0,27.0,167.4,76.4,34.2,47.0,9.0
3.0,112.0,89.0,incons,166.4,69.1,35.8,55.8,9.0
1.0,113.0,89.0,,166.1,62.7,35.7,46.0,11.0
0.0,113.0,-59.5,25.0,133.4,60.4,30.9,37.0,7.0
0.0,113.0,91.0,31.0,187.1,84.2,36.6,52.0,11.0
3.0,113.0,87.0,168.5,168.9,79.5,31.6,incons,9.0
0.0,113.0,90.0,32.0,179.0,83.0,39.0,49.2,9.0
3.0,,,168.5,174.3,75.1,43.0,incons,10.0
155.0,114.0,92.0,31.0,200.1,90.8,-54.750000000000014,53.0,11.0
0.0,114.0,incons,31.0,166.4,71.7,34.8,,11.0
0.0,114.0,88.0,35.0,188.3,76.1,45.7,56.6,9.0
,114.0,incons,26.0,incons,85.5,39.1,47.6,13.0
1.0,114.0,170.5,24.0,160.6,76.4,30.5,,9.0
155.0,115.0,90.0,26.0,157.0,63.6,38.6,45.3,9.0
0.0,115.0,90.0,31.0,195.3,99.0,42.9,47.0,9.0
0.0,115.0,87.0,27.0,198.4,,incons,47.8,incons
0.0,115.0,91.0,31.0,202.6,93.7,,59.0,11.0
0.0,115.0,89.0,29.0,175.2,75.9,-54.750000000000014,54.0,10.0
1.0,115.0,93.0,35.0,219.8,94.7,40.4,70.0,9.0
3.0,115.0,90.0,27.0,incons,90.0,32.4,45.0,10.0
3.0,115.0,90.0,27.0,164.9,67.5,42.3,47.8,11.0
1.0,115.0,86.0,31.0,159.1,69.7,38.5,44.0,incons
0.0,,95.0,29.0,171.4,73.3,34.6,53.8,9.0
1.0,116.0,90.0,incons,incons,80.7,34.6,194.375,9.0
1.0,,100.0,33.0,185.0,,37.0,,10.0
0.0,116.0,88.0,30.0,209.3,103.6,43.7,55.9,10.0
3.0,116.0,88.0,29.0,158.1,130.25,32.9,48.4,10.0
0.0,116.0,88.0,32.0,165.9,67.3,40.1,49.7,9.0
0.0,,91.0,30.0,177.2,86.3,,44.6,10.0
1.0,120.0,94.0,27.0,194.0,93.1,39.1,52.8,11.0
0.0,120.0,92.0,34.0,236.1,91.2,67.4,65.8,11.0
0.0,120.0,95.0,30.0,incons,-49.55000000000001,43.9,62.1,10.0
1.0,120.0,incons,-85.5,-42.75000000000001,,57.7,59.6,11.0
3.0,121.0,98.0,33.0,214.2,96.4,,70.4,10.0
1.0,121.0,91.0,29.0,172.4,130.25,,60.0,9.0
0.0,121.0,94.0,36.0,223.1,95.8,51.3,64.2,10.0
0.0,122.0,96.0,149.3,206.2,87.5,52.3,54.0,incons
1.0,122.0,92.0,incons,223.7,95.6,58.9,59.7,10.0
1.0,122.0,92.0,31.0,191.4,85.1,39.5,53.0,8.0
1.0,incons,94.0,33.0,235.7,113.2,55.7,58.8,11.0
155.0,123.0,94.0,29.0,205.7,88.7,56.5,57.0,11.0
0.0,99.20000000000002,94.0,30.0,,99.5,56.6,53.7,9.0
1.0,123.0,99.0,32.0,251.0,116.3,63.9,64.5,12.0
0.0,-44.400000000000006,99.0,40.0,243.8,112.8,45.4,77.7,10.0
0.0,124.0,98.0,32.0,207.0,88.0,50.5,57.0,11.0
0.0,124.0,,168.5,239.0,92.1,,71.0,9.0
1.0,124.0,99.0,34.0,incons,74.4,42.6,68.0,11.0
0.0,124.0,99.0,39.0,302.9,130.25,69.2,103.9,15.0
0.0,124.0,94.0,30.0,261.8,117.4,88.1,65.0,9.0
0.0,124.0,97.0,31.0,205.9,85.0,46.3,67.0,
0.0,125.0,99.0,31.0,209.7,97.4,42.4,64.3,11.0
0.0,125.0,103.0,34.0,266.2,114.5,60.1,,9.0
-63.0,125.0,101.0,37.0,incons,104.0,,70.7,10.0
1.0,125.0,89.0,,218.0,92.0,59.3,,11.0
1.0,125.0,-59.5,36.0,270.8,,70.2,75.0,11.0
1.0,125.0,94.0,29.0,196.8,95.0,40.0,53.0,11.0
0.0,126.0,98.0,31.0,250.5,-49.55000000000001,49.2,57.8,9.0
1.0,127.0,97.0,33.0,253.9,112.7,61.3,67.9,11.0
1.0,127.0,104.0,,268.1,101.3,59.2,82.4,11.0
1.0,127.0,101.0,31.0,257.9,118.8,62.8,incons,incons
0.0,127.0,105.0,32.0,239.0,108.7,49.2,67.0,12.0
0.0,127.0,100.0,33.0,254.6,130.7,42.6,73.0,12.0
0.0,127.0,103.0,33.0,245.8,101.1,59.5,70.7,10.0
incons,128.0,106.0,33.0,,95.3,incons,70.0,152.25
1.0,128.0,96.0,29.0,222.9,-49.55000000000001,48.0,68.0,10.0
1.0,,170.5,incons,262.3,98.9,51.1,82.0,10.0
3.0,128.0,98.0,27.0,220.0,incons,,58.5,incons
0.0,128.0,98.0,31.0,225.7,-49.55000000000001,166.05,68.0,9.0
1.0,128.0,97.0,37.0,283.9,134.7,69.3,65.1,11.0
1.0,129.0,102.0,36.0,323.9,156.3,64.4,93.5,12.0
0.0,129.0,98.0,35.0,264.0,130.5,47.5,67.7,11.0
1.0,129.0,104.0,42.0,310.7,123.2,73.1,94.8,16.0
3.0,130.0,104.0,30.0,247.6,109.9,59.2,66.1,10.0
1.0,130.0,102.0,31.0,237.8,96.6,55.6,72.9,13.0
1.0,130.0,-59.5,37.0,91.65,106.2,76.8,79.7,10.0
1.0,131.0,103.0,36.0,282.4,123.9,49.7,99.4,11.0
incons,131.0,105.0,35.0,269.6,117.1,52.1,78.8,10.0
0.0,131.0,104.0,34.0,228.9,106.0,44.6,69.6,9.0
1.0,132.0,107.0,incons,288.3,118.5,55.5,98.0,10.0
0.0,132.0,102.0,-85.5,243.6,101.1,60.6,74.0,11.0
1.0,133.0,100.0,30.0,249.5,92.5,59.1,71.9,10.0
0.0,,103.0,168.5,253.9,,53.5,87.2,12.0
0.0,incons,105.0,36.0,285.8,134.3,58.0,80.0,12.0
155.0,134.0,106.0,41.0,280.3,128.6,49.3,83.2,
incons,135.0,103.0,30.0,262.4,111.2,56.9,82.3,11.0
1.0,135.0,102.0,incons,294.6,125.9,60.5,84.9,11.0
0.0,136.0,108.0,38.0,324.6,143.3,70.8,94.3,152.25
0.0,136.0,108.0,31.0,306.8,incons,-54.750000000000014,76.8,10.0
-63.0,137.0,,incons,276.9,132.3,incons,81.5,10.0
0.0,138.0,incons,,338.3,incons,80.4,100.0,11.0
0.0,139.0,109.0,37.0,314.3,132.9,76.7,90.1,13.0
1.0,140.0,115.0,41.0,,121.0,89.4,107.6,13.0
0.0,140.0,170.5,35.0,288.1,131.3,incons,75.0,12.0
0.0,140.0,110.0,39.0,324.9,135.0,69.4,incons,13.0
1.0,141.0,107.0,44.0,373.2,185.8,76.7,87.9,10.0
1.0,144.0,170.5,36.0,334.1,146.4,72.1,100.2,12.0
0.0,144.0,113.0,38.0,416.2,216.3,166.05,194.375,11.0
1.0,145.0,,incons,323.9,148.8,63.0,97.6,11.0
1.0,150.0,110.0,39.0,366.5,incons,73.2,88.0,11.0
0.0,152.0,121.0,43.0,434.6,160.2,98.3,129.2,13.0
3.0,incons,26.0,8.0,,2.5,1.3,,4.0
-63.0,32.0,22.0,5.0,3.9,1.5,1.0,-80.625,4.0
3.0,42.0,30.0,11.0,9.3,3.4,,,5.0
3.0,56.0,42.0,incons,-42.75000000000001,10.6,5.3,,152.25
3.0,56.0,40.0,13.0,17.9,7.2,3.7,6.0,7.0
3.0,57.0,43.0,12.0,18.7,6.2,4.6,6.0,6.0
3.0,58.0,42.0,14.0,22.3,9.6,4.1,6.0,5.0
3.0,58.0,42.0,,23.9,11.2,incons,6.0,6.0
3.0,58.0,42.0,13.0,19.4,7.5,4.4,6.0,6.0
3.0,64.0,170.5,14.0,,11.7,5.1,8.2,
3.0,65.0,50.0,14.0,34.9,17.5,7.1,8.0,7.0
3.0,67.0,50.0,16.0,33.9,13.9,8.8,9.9,6.0
3.0,70.0,47.0,16.0,34.0,14.5,9.3,194.375,7.0
3.0,70.0,50.0,14.0,32.1,14.3,,9.2,6.0
