AGE,B,CHAS,CRIM,DIS,INDUS,LSTAT,NOX,PTRATIO,Price,RAD,RM,TAX,ZN
65.2,396.9,0.0,3.6513480672268908,4.09,2.31,4.98,0.538,15.3,24.0,1.0,6.575,296.0,18.0
78.9,396.9,0.0,0.02731,4.9671,27.74,9.14,0.469,22.0,21.6,2.0,6.421,242.0,0.0
61.1,392.83,0.0,0.02729,4.9671,11.205773486430061,4.03,0.469,17.8,34.7,2.0,7.185,242.0,0.0
45.8,incons,incons,0.03237,6.0622,2.18,2.94,0.458,18.7,33.4,3.0,6.998,222.0,11.736658902243589
54.2,396.9,0.0,0.06905,6.0622,2.18,5.33,0.458,18.7,36.2,3.0,7.147,392.82546777546776,0.0
58.7,394.12,0.0,0.02985,6.0622,2.18,5.21,0.458,18.7,28.7,3.0,6.43,222.0,0.0
67.24065744173728,395.6,0.0,0.08829,5.5605,incons,12.43,0.5602519832985386,15.2,22.9,5.0,6.012,311.0,12.5
96.1,396.9,0.0,3.6513480672268916,5.9505,7.87,19.15,0.524,incons,27.1,5.0,6.172,311.0,12.5
100.0,386.63,0.0,0.21124,3.837241313559322,7.87,29.93,0.524,15.2,16.5,5.0,5.631,311.0,12.5
85.9,386.71,0.0,0.17004,3.837241313559322,7.87,17.1,0.524,15.2,18.9,5.0,6.004,311.0,12.5
94.3,392.52,0.0,0.22489,6.3467,7.87,20.45,0.524,15.2,15.0,5.0,6.377,392.8254677754678,12.5
82.9,396.9,0.0,0.11747,6.2267,7.87,13.27,0.524,15.2,18.9,5.0,7.929,311.0,12.5
39.0,390.5,0.0,0.09378,9.2229,7.87,15.71,0.524,15.2,21.7,5.0,5.889,311.0,12.5
61.8,396.9,0.0,0.62976,4.7075,8.14,12.72246397679325,0.538,21.0,20.4,4.0,5.949,307.0,0.0
84.5,380.02,0.0,8.98296,4.4619,8.14,10.26,0.538,21.0,39.8,4.0,6.096,307.0,0.0
56.5,395.62,0.0,0.62739,4.4986,8.14,8.47,0.538,21.0,19.9,4.0,5.834,307.0,0.0
29.3,386.85,0.0,1.05393,4.4986,8.14,6.58,0.538,21.0,23.1,4.0,5.935,307.0,0.0
81.7,386.75,0.0,0.7842,4.2579,8.14,14.67,0.538,21.0,17.5,4.0,5.99,307.0,11.73665890224359
36.6,396.9,0.0,0.80271,3.7965,incons,11.69,0.538,21.0,20.2,4.0,5.456,307.0,0.0
incons,390.95,0.0,0.7258,incons,8.14,11.28,incons,21.0,18.2,4.0,5.727,307.0,0.0
98.1,376.57,0.0,1.25179,3.7979,8.14,21.02,0.538,22.0,13.6,4.0,7.929,307.0,incons
89.2,392.53,0.0,0.85204,4.0123,8.14,31.99,0.538,21.0,19.6,4.0,5.965,307.0,0.0
91.7,396.9,0.0,1.23247,3.9769,8.14,18.72,0.538,21.0,15.2,4.0,6.142,307.0,0.0
incons,394.54,0.0,0.98843,4.0952,8.14,19.88,0.538,21.0,14.5,4.0,5.813,307.0,0.0
94.1,394.33,0.0,0.75026,4.3996,8.14,16.3,0.538,21.0,15.6,4.0,5.924,307.0,0.0
85.7,396.9,0.0,0.84054,4.4546,8.14,16.51,0.538,21.0,13.9,4.0,5.599,307.0,0.0
90.3,376.88,0.0,0.67191,4.682,8.14,14.81,0.538,21.0,16.6,4.0,5.813,307.0,0.0
88.8,396.9,0.0,0.95577,4.4534,8.14,17.28,0.538,21.0,14.8,4.0,incons,40.75,0.0
94.4,387.94,0.0,8.98296,4.4547,8.14,12.8,0.538,21.0,18.4,4.0,6.495,307.0,0.0
87.3,347.94081968551797,0.0,1.00245,4.239,27.74,11.98,0.538,22.0,21.0,4.0,6.674,307.0,0.0
94.1,360.17,0.0,1.13081,4.233,8.14,22.6,0.538,21.0,12.7,4.0,5.713,307.0,0.0
100.0,376.73,0.0,1.35472,incons,8.14,13.04,0.538,21.0,14.5,4.0,6.072,307.0,0.0
82.0,396.9,0.0,1.38799,3.99,8.14,27.71,0.538,21.0,13.2,4.0,5.95,307.0,0.0
95.0,358.77,0.0,1.15172,3.7872,8.14,18.35,0.538,21.0,13.1,4.0,5.701,307.0,0.0
96.9,396.9,0.0,1.61282,3.7598,8.14,20.34,0.538,21.0,13.5,4.0,6.096,307.0,0.0
68.2,396.9,0.0,0.06417,3.3603,incons,9.68,0.499,19.2,18.9,5.0,7.0678392094017095,279.0,0.0
61.4,377.56,0.0,0.09744,3.3779,5.96,11.41,0.499,19.2,20.0,incons,5.841,279.0,0.0
41.5,396.9,0.0,0.08014,3.9342,5.96,8.77,0.499,19.2,21.0,5.0,5.85,279.0,0.0
30.2,393.43,0.0,3.6513480672268908,3.8473,5.96,10.13,0.499,19.2,24.7,5.0,5.966,279.0,0.0
21.8,347.94081968551797,0.0,0.02763,5.4011,2.95,4.32,0.428,18.3,30.8,3.0,6.595,252.0,30.0
incons,incons,0.0,8.98296,5.4011,2.95,1.98,0.428,18.3,34.9,3.0,7.024,252.0,30.0
2.9,385.41,0.0,0.12744,5.7209,6.91,4.84,0.5602519832985385,17.9,22.560848237791934,3.0,6.77,392.82546777546776,30.0
6.6,383.37,0.0,0.1415,5.7209,6.91,5.81,0.448,17.9,25.3,3.0,6.169,233.0,0.0
6.5,394.46,0.0,incons,5.7209,6.91,7.44,0.448,17.9,24.7,3.0,6.211,233.0,11.736658902243589
40.0,389.39,0.0,0.12269,5.7209,6.91,9.55,0.448,17.9,21.2,3.0,6.069,40.75,11.736658902243589
33.8,396.9,0.0,0.17142,5.1004,6.91,10.21,0.448,17.9,19.3,3.0,5.682,233.0,0.0
33.3,396.9,0.0,0.18836,5.1004,6.91,14.15,0.448,17.9,20.0,3.0,incons,233.0,0.0
85.5,392.74,0.0,0.22927,5.6894,6.91,18.8,0.871,17.9,16.6,3.0,6.03,233.0,0.0
95.3,396.9,0.0,0.25387,5.87,6.91,30.81,0.448,17.9,14.4,3.0,5.399,233.0,0.0
62.0,396.9,0.0,0.21977,6.0877,6.91,16.2,0.448,17.9,19.4,incons,5.602,233.0,0.0
45.7,395.56,0.0,8.98296,6.8147,5.64,13.45,0.439,16.8,19.7,4.0,5.963,243.0,21.0
67.24065744173728,393.97,0.0,0.04337,6.8147,5.64,9.43,0.439,16.8,20.5,4.0,6.115,243.0,21.0
21.1,396.9,0.0,0.0536,3.837241313559322,5.64,5.28,0.439,16.8,25.0,4.0,6.511,243.0,21.0
21.4,396.9,0.0,0.04981,6.8147,5.64,8.43,0.439,16.8,23.4,4.0,5.998,243.0,21.0
47.6,396.9,0.0,0.0136,3.837241313559322,4.0,14.8,0.41,21.1,39.8,3.0,5.888,469.0,30.0
21.9,395.93,0.0,0.01311,8.6966,1.22,4.81,0.403,17.9,35.4,5.0,7.249,226.0,30.0
35.7,396.9,0.0,0.02055,9.1876,0.74,5.77,0.41,17.3,24.7,incons,6.383,313.0,30.0
40.5,392.9,0.0,0.01432,8.3248,1.32,3.95,incons,15.1,22.56084823779193,5.0,6.816,256.0,30.0
incons,390.68,0.0,0.15445,7.8148,5.13,6.86,0.453,18.378177966101692,23.3,8.0,6.145,284.0,11.73665890224359
47.2,396.9,0.0,0.10328,6.932,5.13,9.22,0.453,19.7,22.56084823779193,8.0,5.927,284.0,25.0
66.2,395.11,0.0,0.14932,7.2254,5.13,13.15,0.453,19.7,incons,8.0,5.741,284.0,25.0
93.4,378.08,0.0,0.17171,6.8185,5.13,14.44,0.453,19.7,16.0,24.0,5.966,284.0,25.0
67.8,396.9,0.0,0.11027,7.2255,5.13,6.73,0.453,19.7,22.2,10.443470464135022,6.456,284.0,25.0
43.4,395.58,0.0,0.1265,7.9809,27.74,12.72246397679325,0.453,19.7,25.0,8.0,6.762,284.0,25.0
59.5,393.24,0.0,8.98296,9.2229,1.38,incons,0.4161,18.6,33.0,24.0,7.104,216.0,17.5
incons,396.9,0.0,0.03584,6.6115,3.37,4.67,0.398,16.1,23.5,4.0,6.29,337.0,30.0
31.1,396.9,0.0,0.04379,6.6115,3.37,10.24,0.398,16.1,19.4,4.0,5.787,337.0,30.0
21.4,396.21,0.0,0.05789,6.498,6.07,8.1,0.409,22.0,22.0,4.0,5.878,345.0,12.5
36.8,396.9,0.0,0.13554,6.498,6.07,13.09,0.5602519832985385,18.9,17.4,4.0,5.594,345.0,12.5
33.0,396.9,0.0,0.12816,6.498,6.07,31.99,0.409,18.9,incons,4.0,7.929,40.75,12.5
6.6,383.73,0.0,0.08826,5.2873,10.81,6.72,0.413,19.2,24.2,4.0,6.417,305.0,0.0
17.5,376.94,0.0,0.15876,5.2873,10.81,9.88,0.413,19.2,21.7,4.0,5.961,305.0,0.0
7.8,390.91,0.0,0.09164,5.2873,10.81,incons,0.413,19.2,22.8,4.0,6.065,305.0,0.0
6.2,377.17,0.0,0.19539,5.2873,10.81,7.54,0.413,19.2,23.4,4.0,6.245,305.0,0.0
6.0,394.92,0.0,0.07896,4.2515,12.83,6.78,0.437,18.7,24.1,5.0,6.273,398.0,0.0
45.0,383.23,0.0,0.09512,3.837241313559322,12.83,8.94,0.437,18.7,21.4,5.0,6.286,398.0,0.0
74.5,396.9,0.0,0.10153,4.0522,12.83,11.97,0.5602519832985385,18.7,20.0,5.0,6.279,398.0,0.0
45.8,386.96,incons,0.08707,4.0905,12.83,10.27,incons,18.7,20.8,5.0,6.14,40.75,0.0
53.7,386.4,incons,0.05646,5.0141,12.83,12.34,0.437,18.7,21.2,5.0,6.232,398.0,11.73665890224359
36.6,396.06,0.0,0.08387,4.5026,11.205773486430061,9.1,0.437,18.7,20.3,5.0,5.874,398.0,0.0
67.24065744173728,396.9,0.0,0.04113,5.4007,4.86,5.29,0.426,19.0,28.0,4.0,6.727,281.0,30.0
incons,395.63,0.0,0.04462,9.2229,4.86,7.22,0.871,19.0,23.9,4.0,6.619,281.0,25.0
32.2,396.9,0.0,0.03659,5.4007,4.86,incons,0.426,19.0,24.8,4.0,6.302,281.0,25.0
46.7,390.64,0.0,0.03551,5.4007,4.86,7.51,0.426,19.0,22.9,4.0,7.929,281.0,11.73665890224359
48.0,396.9,0.0,0.05059,4.7794,4.49,9.62,0.449,18.5,23.9,3.0,6.389,247.0,0.0
56.1,392.3,0.0,0.05735,4.4377,4.49,6.53,0.449,18.5,26.6,3.0,6.63,247.0,0.0
45.1,395.99,0.0,0.05188,9.2229,4.49,12.86,0.449,18.5,22.5,3.0,6.015,247.0,30.0
56.8,395.15,0.0,0.07151,3.7476,4.49,8.44,0.449,18.5,22.2,3.0,6.121,247.0,0.0
86.3,396.9,0.0,0.0566,3.8372413135593217,3.41,5.5,0.489,17.8,23.6,2.0,7.007,270.0,0.0
63.1,396.06,0.0,0.05302,3.4145,3.41,5.7,0.489,17.8,28.7,2.0,7.079,270.0,0.0
66.1,392.18,0.0,0.04684,9.2229,3.41,8.81,0.489,17.8,22.6,2.0,6.417,270.0,0.0
73.9,393.55,0.0,0.03932,3.0921,3.41,8.2,0.489,17.8,22.0,2.0,6.405,270.0,0.0
53.6,395.01,0.0,0.04203,3.6659,15.04,8.16,0.464,18.2,22.9,4.0,6.442,270.0,28.0
28.9,396.33,0.0,0.02875,3.6659,15.04,6.21,0.464,18.2,25.0,4.0,6.211,270.0,28.0
67.24065744173728,396.9,0.0,0.04294,3.615,15.04,10.59,0.464,18.2,20.6,4.0,6.249,270.0,28.0
57.8,396.9,0.0,0.12204,3.4952,2.89,6.65,0.445,18.0,39.8,2.0,6.625,276.0,0.0
69.6,391.83,0.0,0.11504,3.4952,2.89,11.34,0.445,18.0,21.4,2.0,6.163,276.0,0.0
incons,396.9,0.0,0.12083,3.8372413135593226,2.89,4.21,0.445,18.0,38.7,2.0,7.929,276.0,0.0
36.9,393.53,0.0,0.08187,3.4952,2.89,3.57,0.445,18.0,39.8,2.0,7.82,276.0,0.0
62.5,396.9,0.0,0.0686,3.4952,11.205773486430061,6.19,0.445,18.0,33.2,2.0,7.416,276.0,0.0
79.9,394.76,0.0,0.14866,2.7778,8.56,incons,0.52,20.9,27.5,incons,6.727,384.0,0.0
incons,395.58,0.0,0.11432,2.8561,8.56,7.67,0.52,20.9,26.5,5.0,6.781,384.0,11.736658902243589
85.4,396.9,0.0,0.22876,2.7147,8.56,10.63,0.52,20.9,18.6,5.0,6.405,384.0,0.0
87.4,394.47,0.0,0.21161,2.7147,8.56,31.99,0.52,20.9,19.3,5.0,6.137,384.0,0.0
90.0,396.9,0.0,0.1396,2.421,8.56,12.33,0.52,20.9,20.1,24.0,6.167,384.0,0.0
96.7,394.05,0.0,3.6513480672268903,2.1069,8.56,16.47,0.52,20.9,19.5,5.0,5.851,384.0,0.0
91.9,395.67,0.0,0.1712,2.211,8.56,18.66,0.871,20.9,19.5,5.0,5.836,384.0,30.0
85.2,387.69,0.0,0.13117,3.837241313559322,8.56,14.09,0.52,20.9,39.8,5.0,6.127,384.0,0.0
97.1,395.24,0.0,0.12802,2.4329,8.56,12.27,0.52,18.378177966101692,19.8,5.0,6.474,384.0,0.0
91.2,391.23,0.0,0.26363,9.2229,8.56,15.55,0.871,20.9,19.4,5.0,6.229,incons,incons
54.4,396.9,0.0,0.10793,2.7778,8.56,13.0,0.52,20.9,21.7,5.0,6.195,384.0,0.0
81.6,395.59,0.0,0.10084,2.6775,10.01,10.16,0.547,17.8,22.8,6.0,6.715,432.0,0.0
92.9,394.95,0.0,0.12329,2.3534,10.01,16.21,0.547,17.8,18.8,6.0,5.913,432.0,0.0
67.24065744173728,396.9,0.0,0.22212,2.548,10.01,17.09,0.547,17.8,18.7,6.0,6.092,432.0,0.0
84.2,388.74,0.0,0.14231,2.2565,10.01,10.45,incons,17.8,22.56084823779193,6.0,6.254,432.0,0.0
88.2,347.94081968551797,0.0,0.17134,3.837241313559322,10.01,15.76,0.547,17.8,18.3,6.0,5.928,432.0,0.0
72.5,393.3,0.0,0.13158,2.7301,10.01,12.04,0.547,incons,21.2,incons,6.176,432.0,0.0
82.6,394.51,0.0,0.15098,2.7474,10.01,12.722463976793248,0.547,17.8,19.2,6.0,6.021,432.0,0.0
73.1,338.63,0.0,0.13058,incons,10.01,15.37,0.871,17.8,39.8,6.0,5.872,40.75,0.0
65.2,391.5,0.0,0.14476,2.7592,10.01,13.61,0.547,17.8,19.3,6.0,incons,432.0,0.0
69.7,389.15,0.0,0.06899,2.2577,25.65,14.37,0.581,19.1,22.0,2.0,7.0678392094017095,188.0,0.0
84.1,377.67,0.0,0.07165,2.1974,25.65,14.27,0.581,19.1,20.3,incons,6.004,188.0,0.0
92.9,378.09,0.0,0.09299,2.0869,25.65,17.93,0.581,19.1,20.5,2.0,5.961,188.0,0.0
97.0,370.31,0.0,0.15038,1.9444,25.65,25.41,0.581,19.1,17.3,2.0,incons,188.0,0.0
95.8,379.38,0.0,0.09849,2.0063,25.65,31.99,0.581,19.1,18.8,24.0,5.879,188.0,0.0
88.4,385.02,0.0,0.16902,1.9929,25.65,14.81,0.581,19.1,21.4,2.0,5.986,188.0,0.0
67.24065744173728,359.29,0.0,0.38735,1.7572,25.65,27.26,0.581,19.1,15.7,2.0,5.613,188.0,0.0
96.0,392.11,0.0,0.25915,1.7883,21.89,17.19,0.624,21.2,16.2,4.0,5.693,437.0,30.0
98.8,396.9,0.0,0.32543,1.8125,21.89,15.39,0.624,21.2,18.0,4.0,6.431,437.0,0.0
94.7,396.9,0.0,0.88125,1.9799,21.89,18.34,0.624,21.2,14.3,4.0,5.637,437.0,0.0
98.9,395.04,0.0,0.34006,2.1185,21.89,12.6,incons,21.2,19.2,4.0,7.0678392094017095,437.0,0.0
97.7,396.9,0.0,1.19294,2.271,21.89,12.26,0.624,21.2,19.6,4.0,incons,437.0,0.0
97.9,385.76,0.0,0.59005,2.3274,21.89,11.12,0.871,21.2,22.560848237791934,4.0,6.372,437.0,0.0
95.4,388.69,0.0,0.32982,2.4699,11.205773486430061,15.03,0.624,21.2,18.4,4.0,5.822,437.0,0.0
98.4,396.9,0.0,0.97617,2.346,21.89,17.31,0.624,21.2,15.6,4.0,5.757,437.0,0.0
98.2,394.67,0.0,0.55778,2.1107,21.89,16.96,0.624,21.2,18.1,incons,6.335,437.0,0.0
93.5,378.25,0.0,0.32264,1.9669,21.89,16.9,0.624,21.2,17.4,4.0,5.942,437.0,0.0
35.6819375,347.94081968551797,0.0,0.35233,1.8498,21.89,14.59,0.624,21.2,17.1,4.0,6.454,437.0,0.0
98.2,392.04,0.0,incons,1.6686,21.89,21.32,0.871,21.2,13.3,4.0,5.857,437.0,0.0
97.9,396.9,0.0,0.54452,1.6687,21.89,18.46,0.624,21.2,17.8,4.0,6.151,437.0,0.0
93.6,388.08,0.0,0.2909,1.6119,21.89,24.16,0.624,21.2,14.0,4.0,6.174,392.8254677754678,0.0
100.0,396.9,0.0,1.62864,1.4394,21.89,31.99,0.624,21.2,22.56084823779193,4.0,5.019,437.0,0.0
100.0,396.9,0.0,incons,1.3216,11.205773486430061,26.82,0.871,14.7,13.4,5.0,incons,403.0,0.0
100.0,396.9,0.0,4.0974,1.4118,19.58,incons,0.871,14.7,15.6,5.0,5.468,403.0,0.0
97.8,396.9,0.0,2.77974,1.3459,19.58,29.29,0.871,14.7,incons,5.0,4.903,403.0,0.0
100.0,396.9,0.0,2.37934,1.4191,19.58,27.8,0.871,14.7,13.8,5.0,6.13,403.0,0.0
100.0,incons,0.0,2.15505,1.5166,19.58,16.65,0.871,14.7,15.6,5.0,5.628,403.0,0.0
95.7,391.71,0.0,2.36862,1.4608,19.58,29.53,0.871,14.7,14.6,5.0,4.926,403.0,0.0
93.8,356.99,incons,2.33099,1.5296,19.58,28.32,0.871,14.7,17.8,5.0,5.186,403.0,0.0
94.9,incons,0.0,2.73397,1.5257,19.58,21.45,0.871,14.7,15.4,5.0,5.597,403.0,0.0
97.3,372.8,0.0,1.6566,1.618,19.58,14.1,0.871,14.7,21.5,5.0,6.122,403.0,0.0
100.0,341.6,0.0,1.49632,1.5916,19.58,13.28,0.5602519832985388,14.7,19.6,5.0,5.404,403.0,0.0
88.0,343.28,0.0,1.12658,1.6102,19.58,12.12,0.871,14.7,15.3,5.0,5.012,403.0,0.0
98.5,396.9,0.0,2.14918,1.6232,19.58,15.79,0.871,14.7,19.4,10.443470464135022,5.709,403.0,0.0
96.0,396.9,0.0,1.41385,1.7494,19.58,15.12,0.871,14.7,incons,5.0,6.129,403.0,incons
82.6,396.9,0.0,3.53501,1.7455,19.58,31.99,0.871,14.7,15.6,5.0,6.152,403.0,0.0
incons,396.9,0.0,2.44668,1.7364,19.58,16.14,0.871,14.7,13.1,5.0,5.272,403.0,0.0
97.4,363.43,0.0,1.22358,1.8773,19.58,4.59,0.605,14.7,39.8,5.0,6.943,403.0,0.0
100.0,353.89,0.0,1.34284,1.7573,19.58,6.43,0.5602519832985386,14.7,24.3,5.0,6.066,403.0,incons
100.0,364.31,0.0,1.42502,1.7659,19.58,7.39,0.871,14.7,23.3,5.0,7.0678392094017095,403.0,0.0
92.6,338.92,0.0,1.27346,1.7984,19.58,5.5,0.605,14.7,27.0,5.0,6.25,403.0,0.0
90.8,374.43,0.0,1.46336,incons,19.58,1.73,0.605,14.7,39.8,5.0,7.489,403.0,0.0
98.2,389.61,incons,8.98296,2.0407,19.58,1.92,0.605,14.7,39.8,5.0,7.802,403.0,30.0
93.9,388.45,0.0,1.51902,incons,11.205773486430063,31.99,0.605,14.7,39.8,5.0,7.929,403.0,0.0
91.8,395.11,0.0,2.24236,2.422,incons,11.64,0.605,14.7,22.7,5.0,5.854,403.0,0.0
93.0,396.9,0.0,2.924,2.2834,19.58,9.81,0.605,14.7,25.0,5.0,6.101,403.0,0.0
96.2,347.940819685518,0.0,2.01019,2.0459,19.58,3.7,0.605,14.7,39.8,5.0,7.929,403.0,0.0
incons,396.9,0.0,1.80028,2.4259,19.58,12.14,0.605,14.7,39.8,5.0,5.877,403.0,0.0
96.1,396.9,0.0,2.3004,2.1,incons,11.1,0.605,14.7,22.560848237791934,5.0,6.319,40.75,0.0
95.2,396.9,0.0,2.44953,9.2229,19.58,11.32,0.605,14.7,22.3,5.0,6.402,403.0,0.0
94.6,incons,0.0,8.98296,2.4259,19.58,14.43,0.605,14.7,incons,5.0,5.875,403.0,0.0
97.3,348.13,0.0,2.3139,2.3887,19.58,12.03,0.605,14.7,19.1,5.0,5.88,403.0,0.0
88.5,396.9,0.0,0.13914,2.5961,4.05,14.69,0.51,16.6,23.1,5.0,5.572,296.0,0.0
84.1,395.5,0.0,0.09178,2.6463,4.05,9.04,0.51,16.6,23.6,5.0,6.416,296.0,0.0
68.7,393.23,0.0,0.08447,2.7019,4.05,incons,0.51,16.6,22.6,5.0,5.859,296.0,0.0
33.1,396.9,0.0,0.06664,3.1323,4.05,5.33,0.51,incons,29.4,5.0,6.546,296.0,0.0
47.2,393.23,0.0,0.07022,3.5549,4.05,10.11,0.51,16.6,23.2,5.0,6.02,296.0,0.0
73.4,395.6,0.0,0.05425,3.3175,4.05,incons,0.51,16.6,24.6,5.0,6.315,296.0,0.0
74.4,391.27,0.0,0.06642,2.9153,4.05,6.92,0.51,incons,29.9,5.0,6.86,296.0,0.0
58.4,396.9,0.0,0.0578,2.829,2.46,5.04,0.488,17.8,37.2,3.0,7.929,193.0,0.0
83.3,395.56,0.0,0.06588,2.741,2.46,12.722463976793248,0.488,incons,39.8,3.0,7.929,193.0,0.0
62.2,396.9,0.0,0.06888,2.5979,27.74,9.45,0.488,17.8,36.2,3.0,6.144,193.0,0.0
67.2406574417373,394.12,0.0,0.09103,2.7006,2.46,4.82,0.488,17.8,37.9,3.0,7.155,193.0,0.0
95.6,396.9,0.0,0.10008,2.847,2.46,12.72246397679325,0.488,17.8,32.5,3.0,6.563,193.0,0.0
89.8,391.0,0.0,0.08308,2.9879,2.46,13.98,0.488,17.8,26.4,3.0,5.604,193.0,0.0
68.8,387.11,0.0,0.06047,3.2797,2.46,13.15,0.488,17.8,29.6,3.0,6.153,193.0,0.0
53.6,392.63,0.0,0.05602,3.1992,2.46,4.45,0.488,17.8,39.8,3.0,7.831,193.0,0.0
41.1,393.87,0.0,0.07875,incons,3.44,6.68,0.437,15.2,32.0,5.0,6.782,398.0,30.0
29.1,382.84,0.0,0.12579,4.5667,incons,4.56,0.437,15.2,22.560848237791937,5.0,6.556,398.0,30.0
38.9,396.9,0.0,0.0837,4.5667,3.44,5.39,0.437,15.2,34.9,5.0,7.185,398.0,30.0
21.5,377.68,0.0,0.09068,6.4798,11.205773486430063,5.1,0.5602519832985386,15.2,37.0,10.443470464135022,incons,incons,30.0
30.8,389.71,0.0,0.06911,6.4798,3.44,4.69,0.5602519832985385,15.2,30.5,5.0,6.739,398.0,30.0
26.3,390.49,0.0,0.08664,6.4798,3.44,2.87,0.437,15.2,36.4,5.0,7.178,398.0,30.0
9.9,393.37,0.0,0.02187,6.2196,2.93,5.03,0.401,18.378177966101696,31.1,24.0,6.8,265.0,30.0
18.8,376.7,0.0,incons,6.2196,27.74,4.38,0.401,15.6,29.1,1.0,6.604,265.0,30.0
32.0,394.23,0.0,0.01381,5.6484,11.205773486430063,2.97,0.422,14.4,39.8,4.0,7.875,255.0,30.0
34.1,396.9,0.0,0.04011,7.309,1.52,12.72246397679325,0.404,22.0,33.3,2.0,7.067839209401708,329.0,30.0
36.6,354.31,0.0,0.04666,7.309,1.52,incons,0.404,22.0,30.3,2.0,7.107,-16.85,30.0
38.3,392.2,0.0,0.03768,3.837241313559322,1.52,6.62,0.404,22.0,incons,10.443470464135022,7.274,329.0,30.0
15.3,396.9,0.0,0.0315,7.6534,1.47,4.56,0.403,17.0,incons,3.0,6.975,402.0,30.0
13.9,384.3,0.0,0.01778,7.6534,1.47,12.722463976793248,0.403,17.0,32.9,3.0,incons,392.82546777546776,30.0
38.4,393.77,0.0,0.03445,6.27,2.03,31.99,0.415,14.7,24.1,2.0,7.929,348.0,11.736658902243589
15.7,395.38,0.0,0.02177,6.27,2.03,3.11,incons,14.7,39.8,2.0,7.61,348.0,30.0
33.2,392.78,0.0,0.0351,5.118,2.68,incons,0.4161,14.7,39.8,4.0,7.853,224.0,30.0
31.9,390.55,0.0,0.02009,5.118,2.68,31.99,0.4161,14.7,39.8,incons,7.929,-16.85,30.0
22.3,396.9,0.0,0.13642,3.9454,10.59,10.87,0.489,18.6,22.6,4.0,5.891,277.0,0.0
52.5,394.87,0.0,0.22969,4.3549,10.59,12.722463976793248,0.489,18.6,24.4,4.0,6.326,277.0,0.0
72.7,389.43,0.0,0.25199,4.3549,10.59,18.06,0.489,18.6,22.5,4.0,5.783,277.0,11.736658902243589
59.1,381.32,0.0,8.98296,4.2392,10.59,14.66,0.489,incons,24.4,4.0,6.064,277.0,0.0
100.0,396.9,0.0,0.43571,3.875,10.59,23.09,0.489,18.378177966101692,20.0,4.0,5.344,277.0,0.0
92.1,393.25,0.0,0.17446,3.8771,10.59,12.72246397679325,0.489,18.6,21.7,4.0,5.96,277.0,0.0
88.6,395.24,0.0,0.37578,3.665,10.59,23.98,0.489,18.6,19.3,4.0,5.404,277.0,0.0
53.8,390.94,0.0,0.21719,3.8372413135593217,10.59,16.03,0.489,18.6,incons,10.443470464135022,5.807,277.0,0.0
32.3,385.81,0.0,0.14052,3.9454,10.59,9.38,0.489,18.6,28.1,24.0,6.375,277.0,0.0
9.8,348.93,0.0,0.28955,3.5875,10.59,29.55,0.489,18.6,23.7,incons,5.412,277.0,30.0
42.4,393.63,0.0,0.19802,3.9454,10.59,9.47,0.489,18.6,25.0,4.0,6.182,277.0,0.0
incons,347.940819685518,0.0,0.0456,3.1121,13.89,13.51,0.55,16.4,23.3,5.0,7.067839209401709,276.0,0.0
85.1,392.78,0.0,0.07013,3.4211,13.89,9.69,0.55,16.4,28.7,incons,6.642,276.0,0.0
93.8,396.9,0.0,0.11069,2.8893,13.89,17.92,0.55,18.378177966101696,22.560848237791937,5.0,5.951,40.75,0.0
92.4,incons,0.0,0.11425,3.3633,13.89,10.5,0.55,incons,23.0,5.0,6.373,276.0,30.0
88.5,391.7,0.0,0.35809,9.2229,6.2,9.71,0.5602519832985385,18.378177966101692,39.8,8.0,6.951,307.0,0.0
67.2406574417373,395.24,0.0,0.40771,3.048,6.2,21.46,0.507,17.4,21.7,8.0,6.164,307.0,0.0
35.6819375,390.39,0.0,0.62356,3.2721,6.2,incons,0.507,17.4,27.5,24.0,6.879,307.0,0.0
80.8,396.9,0.0,0.6147,3.2721,6.2,7.6,0.507,17.4,30.1,8.0,6.618,307.0,0.0
78.3,385.05,0.0,incons,incons,6.2,incons,0.504,incons,39.8,8.0,7.929,307.0,0.0
83.0,382.0,0.0,0.52693,2.8944,6.2,4.63,0.871,17.4,39.8,8.0,7.929,307.0,0.0
86.5,387.38,incons,0.38214,3.2157,6.2,3.13,0.504,17.4,37.6,8.0,7.929,307.0,0.0
79.9,372.08,0.0,0.41238,3.2157,6.2,6.36,0.504,17.4,31.6,10.443470464135023,incons,307.0,0.0
17.0,377.51,0.0,0.29819,3.3751,6.2,3.92,0.504,17.4,39.8,8.0,incons,307.0,0.0
21.4,380.34,0.0,0.44178,3.3751,6.2,3.76,0.504,17.4,31.5,8.0,6.552,307.0,0.0
68.1,378.35,0.0,0.537,3.6715,6.2,11.65,0.504,17.4,24.3,8.0,5.981,307.0,0.0
76.9,376.14,0.0,0.46296,3.6715,6.2,12.722463976793248,0.504,22.0,31.7,8.0,7.412,307.0,0.0
73.3,385.91,0.0,0.57529,3.8384,6.2,2.47,0.507,17.4,39.8,8.0,7.929,307.0,0.0
70.4,378.95,0.0,0.33147,3.837241313559322,6.2,3.95,0.507,17.4,39.8,8.0,7.929,307.0,0.0
67.24065744173728,360.2,0.0,0.44791,3.6519,6.2,8.05,0.507,17.4,29.0,8.0,6.726,40.75,0.0
61.5,376.75,0.0,0.33045,3.6519,6.2,10.88,0.507,17.4,24.0,8.0,6.086,307.0,0.0
76.5,347.94081968551797,0.0,0.52058,4.148,6.2,9.54,0.507,17.4,25.1,8.0,6.631,307.0,0.0
71.6,390.07,0.0,0.51183,4.148,6.2,4.73,0.507,incons,31.5,8.0,7.358,307.0,11.73665890224359
18.5,379.41,0.0,0.08244,6.1899,27.74,6.36,0.428,16.6,23.7,6.0,6.481,300.0,30.0
-13.1365625,383.78,0.0,0.09252,6.1899,4.93,7.37,0.428,16.6,22.560848237791934,6.0,6.606,300.0,11.73665890224359
54.3,391.25,0.0,0.11329,3.837241313559322,4.93,11.38,0.428,16.6,22.0,6.0,6.897,300.0,30.0
65.1,394.62,0.0,0.10612,6.3361,4.93,12.4,0.871,16.6,20.1,6.0,6.095,300.0,30.0
52.9,372.75,0.0,0.1029,7.0355,4.93,11.22,0.428,16.6,22.2,6.0,6.358,300.0,11.736658902243589
7.8,374.71,0.0,3.651348067226891,3.837241313559322,4.93,5.19,0.428,16.6,39.8,6.0,6.393,300.0,30.0
76.5,396.9,0.0,0.20608,7.9549,5.86,12.5,0.431,19.1,17.6,7.0,5.593,330.0,22.0
70.2,389.13,0.0,0.19133,7.9549,5.86,18.46,0.431,19.1,39.8,7.0,5.605,330.0,30.0
34.9,390.18,0.0,0.33983,8.0555,5.86,9.16,0.431,incons,24.3,7.0,6.108,330.0,22.0
79.2,376.14,0.0,0.19657,8.0555,5.86,10.15,0.431,incons,20.5,7.0,6.226,330.0,22.0
49.1,374.71,0.0,0.16439,7.8265,5.86,9.52,0.431,19.1,24.5,7.0,6.433,330.0,30.0
17.5,393.74,0.0,0.19073,7.8265,5.86,6.56,0.431,19.1,26.2,7.0,6.718,330.0,22.0
13.0,396.28,0.0,0.1403,7.3967,5.86,5.9,0.871,19.1,incons,7.0,6.487,330.0,22.0
8.9,377.07,0.0,0.21409,7.3967,5.86,3.59,0.431,19.1,24.8,7.0,6.438,330.0,incons
6.8,347.94081968551797,0.0,0.08221,8.9067,5.86,3.53,0.871,19.1,29.6,7.0,6.957,330.0,22.0
8.4,396.9,0.0,0.36894,8.9067,5.86,3.54,0.431,19.1,39.8,7.0,7.929,330.0,22.0
32.0,392.89,0.0,0.04819,9.2203,3.64,31.99,0.392,16.4,21.9,1.0,6.108,315.0,incons
19.1,395.18,0.0,0.03548,9.2203,3.64,9.25,0.392,incons,20.9,1.0,7.929,315.0,30.0
incons,386.34,0.0,0.01538,6.3361,3.75,3.11,0.394,15.9,39.8,3.0,7.454,244.0,incons
86.9,389.7,0.0,0.61154,1.801,3.97,5.12,0.647,18.378177966101696,39.8,5.0,7.929,264.0,20.0
100.0,383.29,0.0,0.66351,1.8946,3.97,7.79,0.647,22.0,36.0,5.0,7.333,264.0,20.0
100.0,391.93,0.0,0.65665,2.0107,3.97,6.9,0.647,22.0,30.1,5.0,6.842,-16.85,20.0
81.8,392.8,0.0,0.54011,2.1121,incons,9.59,0.647,22.0,33.8,5.0,7.203,264.0,20.0
89.4,388.37,0.0,0.53412,2.1398,3.97,7.26,0.647,22.0,39.8,5.0,7.52,264.0,20.0
67.2406574417373,347.94081968551797,0.0,0.52014,2.2885,3.97,5.91,0.647,22.0,39.8,24.0,7.929,264.0,20.0
94.5,393.42,0.0,0.82526,2.0788,3.97,11.25,0.647,22.0,31.0,5.0,7.327,incons,20.0
91.6,396.9,0.0,0.55007,1.9301,3.97,8.1,0.647,22.0,36.5,24.0,7.206,264.0,20.0
62.8,392.4,0.0,0.76162,incons,3.97,10.45,0.647,22.0,22.8,5.0,7.067839209401709,264.0,incons
84.6,384.07,0.0,0.7857,2.1329,incons,14.79,0.647,22.0,30.7,5.0,7.014,264.0,20.0
67.0,384.54,0.0,0.57834,2.4216,3.97,7.44,0.575,22.0,39.8,5.0,7.929,264.0,20.0
52.6,390.3,0.0,0.5405,2.872,3.97,3.16,0.575,22.0,39.8,10.443470464135022,incons,264.0,11.736658902243589
61.5,391.34,0.0,0.09065,3.9175,27.74,13.65,0.464,incons,20.7,3.0,5.92,223.0,20.0
42.1,388.65,0.0,0.29916,4.429,6.96,13.0,0.464,18.378177966101696,21.1,3.0,5.856,223.0,11.736658902243589
16.3,396.9,0.0,0.16211,4.429,6.96,6.59,0.464,18.6,25.2,3.0,6.24,223.0,20.0
incons,394.96,0.0,0.1146,3.9175,6.96,7.73,0.464,18.6,incons,3.0,6.538,223.0,20.0
51.8,390.77,0.0,0.22188,4.3665,6.96,6.58,0.464,18.6,35.2,10.443470464135022,7.691,223.0,20.0
32.9,396.9,0.0,0.05644,4.0776,6.41,3.53,0.447,17.6,32.4,4.0,6.758,254.0,30.0
-13.1365625,396.9,0.0,0.09604,4.2673,incons,2.98,0.447,17.6,32.0,4.0,6.854,254.0,30.0
49.0,389.25,0.0,0.10469,4.7872,6.41,6.05,0.447,17.6,33.2,4.0,7.0678392094017095,254.0,30.0
27.6,393.45,0.0,0.06127,4.8628,6.41,4.16,0.447,17.6,33.1,incons,6.826,254.0,30.0
32.1,396.9,0.0,0.07978,4.1403,6.41,7.19,0.447,17.6,29.1,4.0,6.482,incons,30.0
32.2,396.9,0.0,0.21038,4.1007,3.33,4.85,0.4429,14.9,35.1,5.0,6.812,216.0,20.0
64.5,387.31,0.0,0.03578,4.6947,3.33,incons,0.4429,incons,39.8,5.0,7.82,216.0,20.0
37.2,392.23,0.0,0.03705,5.2447,3.33,4.59,0.4429,14.9,35.4,5.0,6.968,216.0,20.0
49.7,377.07,0.0,0.06129,5.2119,3.33,3.01,0.4429,22.0,39.8,5.0,7.645,392.8254677754677,20.0
24.8,395.52,0.0,0.01501,5.885,1.21,3.16,0.401,13.6,39.8,1.0,7.0678392094017095,198.0,30.0
20.8,394.72,0.0,0.00906,7.3073,2.97,7.85,0.4,15.3,32.2,1.0,7.088,285.0,30.0
31.9,394.72,0.0,0.01096,7.3073,2.25,8.23,0.389,15.3,22.0,1.0,6.453,300.0,30.0
35.6819375,341.6,0.0,incons,9.0892,1.76,12.93,0.5602519832985384,18.2,20.1,1.0,6.23,40.75,30.0
31.3,396.9,0.0,0.03871,9.2229,5.32,incons,0.405,16.6,39.8,6.0,6.209,293.0,30.0
45.6,396.9,0.0,0.0459,7.3172,5.32,7.6,0.405,16.6,22.3,6.0,6.315,293.0,30.0
22.9,371.72,0.0,0.04297,7.3172,27.74,9.51,0.405,16.6,24.8,6.0,incons,392.82546777546776,30.0
27.9,396.9,0.0,0.03502,5.1167,4.95,3.33,0.411,19.2,28.5,24.0,6.861,245.0,30.0
35.6819375,396.9,0.0,0.07886,5.1167,4.95,3.56,0.411,19.2,37.3,4.0,7.148,245.0,30.0
23.4,396.9,0.0,0.03615,5.1167,4.95,4.7,0.411,19.2,27.9,4.0,6.63,245.0,30.0
18.4,396.9,0.0,0.08265,5.5027,13.92,8.58,0.437,incons,23.9,4.0,6.127,289.0,0.0
42.3,396.9,0.0,0.08199,5.5027,13.92,10.4,0.437,16.0,21.7,4.0,6.009,289.0,0.0
31.1,396.9,0.0,0.12932,5.9604,13.92,6.27,0.437,16.0,28.6,4.0,7.067839209401709,289.0,0.0
51.0,392.85,0.0,0.05372,incons,13.92,7.39,0.437,16.0,27.1,4.0,6.549,289.0,0.0
58.0,396.9,0.0,0.14103,6.32,13.92,15.84,0.437,18.378177966101696,20.3,4.0,5.79,289.0,0.0
-13.1365625,347.94081968551797,0.0,0.06466,7.8278,2.24,4.97,0.4,18.378177966101696,39.8,5.0,6.345,358.0,30.0
10.0,371.58,0.0,0.05561,incons,2.24,4.74,0.4,18.378177966101692,29.0,5.0,7.041,358.0,30.0
47.4,incons,0.0,0.04417,7.8278,2.24,6.07,0.4,14.8,24.8,5.0,6.871,incons,30.0
40.4,395.75,0.0,0.03537,5.4917,6.09,9.5,0.433,16.1,22.0,7.0,6.59,329.0,30.0
18.4,383.61,0.0,0.09266,incons,6.09,8.67,0.433,16.1,26.4,7.0,6.495,329.0,30.0
17.7,390.43,0.0,3.6513480672268908,5.4917,6.09,4.86,0.871,16.1,33.1,7.0,6.982,329.0,30.0
41.1,347.94081968551797,0.0,0.05515,4.022,2.18,6.93,0.472,18.4,36.1,7.0,7.236,222.0,30.0
58.1,393.36,0.0,0.05479,3.37,2.18,8.93,0.472,18.4,28.4,7.0,6.616,incons,30.0
71.9,396.9,0.0,incons,9.2229,2.18,6.47,0.472,22.0,33.4,incons,7.42,222.0,30.0
70.3,396.9,0.0,0.04932,3.1827,2.18,7.53,0.472,18.4,28.2,7.0,6.849,incons,30.0
82.5,396.9,0.0,0.49298,3.3175,9.9,4.54,0.544,incons,22.8,4.0,6.635,304.0,0.0
76.7,396.24,0.0,3.651348067226891,3.1025,9.9,9.97,0.544,22.0,20.3,4.0,5.972,304.0,0.0
37.8,350.45,0.0,2.63548,2.5194,9.9,12.64,0.544,18.4,16.1,4.0,4.973,304.0,0.0
52.8,396.9,0.0,0.79041,2.6403,9.9,5.98,0.544,18.4,22.1,10.443470464135022,6.122,304.0,0.0
90.4,incons,0.0,0.26169,2.834,9.9,11.72,incons,18.4,19.4,4.0,7.0678392094017095,304.0,0.0
82.8,393.39,0.0,0.26938,3.2628,9.9,7.9,0.544,18.4,21.6,4.0,6.266,304.0,0.0
87.3,395.69,0.0,0.3692,9.2229,9.9,9.28,0.544,18.4,23.8,4.0,6.567,304.0,0.0
77.7,396.42,0.0,0.25356,3.837241313559322,9.9,11.5,0.5602519832985386,18.4,16.2,incons,5.705,304.0,0.0
-13.1365625,390.7,0.0,0.31827,3.9986,9.9,18.33,0.544,18.4,incons,4.0,5.914,304.0,0.0
71.7,396.9,0.0,0.24522,4.0317,9.9,15.94,0.544,18.4,22.560848237791934,4.0,7.067839209401709,304.0,0.0
67.2,395.21,0.0,0.40202,3.5325,9.9,10.36,0.544,18.4,23.1,4.0,6.382,304.0,0.0
58.8,396.23,0.0,0.47547,4.0019,9.9,12.73,0.544,18.4,21.0,4.0,6.113,304.0,0.0
52.3,396.9,0.0,0.1676,4.5404,7.38,7.2,0.493,19.6,23.8,5.0,6.426,287.0,0.0
54.3,396.9,0.0,8.98296,4.5404,7.38,6.87,0.493,19.6,23.1,5.0,6.376,287.0,0.0
49.9,396.9,0.0,0.35114,4.7211,7.38,7.7,0.493,19.6,20.4,5.0,6.041,287.0,0.0
74.3,incons,0.0,0.28392,3.837241313559322,7.38,11.74,0.493,19.6,18.5,5.0,7.067839209401709,287.0,0.0
40.1,396.9,0.0,3.651348067226891,4.7211,11.205773486430063,6.12,incons,19.6,22.560848237791934,10.443470464135022,6.415,287.0,11.736658902243589
14.7,393.68,incons,0.19186,5.4159,7.38,31.99,0.493,19.6,24.6,5.0,incons,287.0,0.0
28.9,396.9,0.0,0.30347,5.4159,7.38,6.15,0.5602519832985385,19.6,23.0,5.0,6.312,287.0,0.0
43.7,396.9,0.0,0.24103,5.4159,7.38,12.79,0.871,19.6,22.2,5.0,6.083,287.0,0.0
-13.1365625,382.44,0.0,0.06617,5.2146,3.24,9.97,0.46,16.9,19.3,4.0,5.868,430.0,0.0
17.2,375.21,0.0,0.06724,5.2146,3.24,7.34,0.46,16.9,22.6,4.0,6.333,430.0,0.0
32.2,368.57,0.0,0.04544,5.8736,3.24,9.09,0.46,16.9,22.560848237791934,4.0,7.929,430.0,0.0
28.4,394.02,0.0,0.05023,6.6407,6.06,12.43,0.4379,16.9,17.1,1.0,5.706,304.0,30.0
23.3,362.25,0.0,0.03466,6.6407,6.06,7.83,0.4379,16.9,19.4,1.0,6.031,304.0,30.0
38.1,389.71,0.0,0.05083,6.4584,5.19,5.68,0.515,20.2,22.2,incons,6.316,224.0,30.0
38.5,389.4,0.0,0.03738,6.4584,5.19,6.75,0.515,20.2,39.8,5.0,6.31,224.0,0.0
34.5,396.9,0.0,0.03961,5.9853,5.19,incons,0.515,20.2,21.1,5.0,6.037,224.0,0.0
46.3,396.9,0.0,incons,5.2311,5.19,9.8,0.871,20.2,19.5,5.0,5.869,224.0,0.0
59.6,394.81,0.0,0.03041,5.615,5.19,10.56,0.515,20.2,18.5,5.0,5.895,224.0,0.0
37.3,396.14,0.0,0.03306,incons,5.19,8.51,0.515,20.2,20.6,5.0,6.059,-16.85,30.0
45.4,396.9,0.0,0.05497,4.8122,27.74,incons,0.515,20.2,19.0,5.0,5.985,224.0,0.0
58.5,396.9,0.0,0.06151,4.8122,5.19,9.29,0.515,20.2,18.7,5.0,5.968,224.0,0.0
49.3,394.74,0.0,0.01301,7.0379,1.52,5.49,0.442,15.5,32.7,1.0,7.241,284.0,30.0
59.7,389.96,0.0,0.02498,6.2669,1.89,8.65,0.518,15.9,16.5,1.0,6.54,422.0,0.0
56.4,incons,0.0,0.02543,5.7321,incons,7.18,0.871,17.6,23.9,5.0,6.696,-16.85,30.0
28.1,387.97,0.0,0.03049,6.4654,27.74,4.61,0.484,17.6,31.2,5.0,6.874,370.0,30.0
67.2406574417373,385.64,0.0,0.03113,8.0136,4.39,10.53,0.442,18.8,17.5,3.0,6.014,-16.85,0.0
52.3,364.61,0.0,0.06162,8.0136,4.39,12.67,0.442,18.8,17.2,3.0,5.898,352.0,0.0
27.7,392.43,incons,3.6513480672268908,8.5353,4.15,6.36,0.429,17.9,23.1,4.0,incons,incons,30.0
29.7,390.94,0.0,0.01501,8.344,2.01,31.99,0.435,17.0,24.5,4.0,6.635,280.0,30.0
34.5,389.85,0.0,0.02899,8.7921,1.25,5.89,0.429,19.7,39.8,1.0,6.939,335.0,30.0
44.4,396.9,0.0,0.06211,8.7921,1.25,5.98,0.871,19.7,22.9,1.0,6.49,incons,30.0
35.9,370.78,0.0,0.0795,3.8372413135593217,1.69,5.49,0.411,18.3,24.1,4.0,6.579,411.0,30.0
18.5,392.33,0.0,0.07244,9.2229,1.69,incons,0.411,18.3,18.6,24.0,5.884,411.0,30.0
36.1,384.46,0.0,0.01709,9.2229,2.02,4.5,0.41,17.0,30.1,5.0,6.728,187.0,30.0
21.9,382.8,0.0,3.651348067226891,9.2229,27.74,8.05,0.413,22.0,18.2,4.0,5.663,334.0,30.0
19.5,396.9,0.0,0.10659,9.2229,1.91,5.57,0.413,22.0,20.6,4.0,5.936,334.0,30.0
97.4,377.73,0.0,8.98296,2.1222,18.1,17.6,0.77,20.2,17.8,24.0,6.212,666.0,0.0
91.0,391.34,0.0,3.8497,2.5052,18.1,13.27,0.77,20.2,incons,24.0,6.395,666.0,0.0
83.4,395.43,0.0,5.20177,2.7227,18.1,12.72246397679325,0.77,20.2,22.7,24.0,6.127,666.0,0.0
81.3,390.74,0.0,4.26131,2.5091,18.1,12.67,0.77,20.2,22.6,24.0,6.112,666.0,0.0
88.0,374.56,0.0,4.54192,2.5182,18.1,7.79,0.77,20.2,25.0,24.0,6.398,666.0,0.0
91.1,350.65,0.0,3.83684,2.2955,18.1,14.19,incons,20.2,19.9,24.0,7.929,666.0,0.0
96.2,380.79,0.0,3.67822,9.2229,incons,10.19,0.77,20.2,20.8,24.0,5.362,666.0,0.0
89.0,353.04,0.0,8.98296,incons,18.1,14.64,0.77,20.2,16.8,24.0,5.803,666.0,0.0
82.9,354.55,0.0,3.47428,1.9047,18.1,31.99,0.718,20.2,22.560848237791934,24.0,7.929,666.0,0.0
87.9,347.940819685518,0.0,4.55587,incons,27.74,31.99,0.718,18.378177966101696,27.5,24.0,7.929,666.0,30.0
91.4,396.9,0.0,3.69695,1.7523,18.1,14.0,0.718,20.2,21.9,24.0,4.963,40.75,0.0
100.0,396.9,0.0,8.98296,1.5106,18.1,13.33,0.631,20.2,23.1,24.0,7.929,666.0,0.0
100.0,375.52,0.0,4.89822,3.8372413135593217,18.1,3.26,incons,20.2,39.8,24.0,4.97,666.0,30.0
96.8,375.33,0.0,5.66998,1.3567,18.1,3.73,0.631,20.2,39.8,24.0,incons,666.0,0.0
97.5,392.05,0.0,6.53876,1.2024,18.1,2.96,0.631,incons,39.8,24.0,7.016,666.0,0.0
100.0,366.15,0.0,8.98296,1.1691,18.1,9.53,0.631,20.2,22.560848237791934,24.0,6.216,666.0,0.0
89.6,347.88,0.0,8.98296,1.1296,18.1,8.88,0.668,20.2,39.8,24.0,5.875,666.0,0.0
100.0,396.9,0.0,8.98296,1.1742,18.1,31.99,0.668,20.2,13.8,24.0,4.906,666.0,0.0
100.0,396.9,0.0,8.98296,1.137,18.1,31.99,0.668,20.2,13.8,24.0,7.929,666.0,0.0
97.9,396.9,0.0,8.98296,9.2229,18.1,13.44,0.671,20.2,15.0,24.0,incons,incons,0.0
93.3,363.02,0.0,8.98296,1.3449,18.1,31.99,0.671,20.2,13.9,24.0,6.649,666.0,0.0
98.8,396.9,0.0,8.98296,9.2229,18.1,21.24,0.671,20.2,13.3,24.0,6.794,666.0,0.0
96.2,396.9,0.0,8.98296,1.3861,18.1,23.69,0.671,20.2,13.1,24.0,6.38,666.0,0.0
incons,393.74,0.0,8.98296,1.3861,18.1,21.78,0.671,20.2,39.8,24.0,6.223,666.0,0.0
91.9,396.9,0.0,8.98296,1.4165,18.1,17.21,0.671,20.2,10.4,24.0,6.968,666.0,0.0
99.1,347.940819685518,0.0,8.98296,1.5192,18.1,21.08,0.671,20.2,10.9,24.0,6.545,666.0,0.0
100.0,396.9,0.0,8.98296,1.5804,18.1,23.6,0.871,20.2,11.3,24.0,5.536,666.0,0.0
100.0,396.9,0.0,7.99248,1.5331,18.1,24.56,0.7,20.2,12.3,24.0,5.52,666.0,0.0
91.2,396.9,0.0,8.98296,1.4395,18.1,30.63,0.7,20.2,8.8,24.0,7.929,666.0,0.0
98.1,396.9,0.0,8.98296,1.4261,18.1,30.81,0.7,20.2,7.2,24.0,5.277,666.0,incons
100.0,396.9,0.0,8.98296,1.4672,18.1,28.28,0.7,20.2,10.5,24.0,7.929,666.0,11.736658902243589
89.5,396.9,0.0,8.98296,1.5184,18.1,31.99,0.7,20.2,7.4,24.0,5.0,666.0,0.0
incons,372.92,0.0,8.98296,1.5895,18.1,30.62,0.7,20.2,10.2,24.0,4.88,666.0,0.0
98.9,396.9,0.0,3.6513480672268908,1.7281,18.1,20.85,0.7,20.2,11.5,24.0,5.39,666.0,11.736658902243589
97.0,394.43,0.0,8.98296,1.9265,18.1,17.11,0.7,20.2,15.1,24.0,incons,666.0,0.0
82.5,378.38,0.0,incons,2.1678,18.1,18.76,0.7,20.2,23.2,24.0,incons,666.0,11.736658902243589
97.0,396.9,0.0,8.98296,1.77,18.1,25.68,0.7,20.2,9.7,24.0,5.036,666.0,0.0
92.6,396.9,0.0,8.64476,1.7912,18.1,15.17,0.693,20.2,13.8,24.0,6.193,666.0,0.0
94.7,396.9,0.0,8.98296,1.7821,18.1,16.35,0.693,20.2,12.7,24.0,5.887,666.0,0.0
98.8,391.98,0.0,8.98296,1.7257,18.1,17.12,0.693,20.2,13.1,24.0,6.471,incons,0.0
96.0,396.9,0.0,3.6513480672268903,1.6768,18.1,19.37,0.693,incons,12.5,incons,6.405,666.0,0.0
98.9,393.1,0.0,7.67202,1.6334,18.1,19.92,0.693,20.2,8.5,24.0,5.747,666.0,0.0
100.0,396.9,0.0,8.98296,1.4896,18.1,30.59,0.693,20.2,5.0,10.443470464135022,5.453,666.0,0.0
77.8,338.16,0.0,8.98296,1.5004,18.1,29.97,0.693,20.2,6.3,24.0,5.852,666.0,0.0
35.6819375,396.9,0.0,8.98296,1.5888,18.1,26.77,0.5602519832985384,20.2,22.560848237791934,24.0,5.987,666.0,0.0
100.0,396.9,0.0,8.98296,1.5741,18.1,incons,0.693,20.2,incons,24.0,6.343,666.0,0.0
100.0,376.11,0.0,8.98296,1.639,18.1,20.31,0.693,20.2,39.8,24.0,6.404,666.0,incons
96.0,396.9,0.0,8.98296,1.7028,18.1,19.77,0.693,20.2,8.3,24.0,5.349,666.0,0.0
85.4,396.9,0.0,8.98296,1.6074,18.1,27.38,0.871,20.2,8.5,24.0,5.531,666.0,0.0
100.0,incons,0.0,8.98296,1.4254,18.1,22.98,0.693,20.2,5.0,24.0,5.683,666.0,0.0
100.0,396.9,incons,8.98296,1.1781,11.205773486430063,23.34,0.659,18.378177966101692,11.9,24.0,7.929,666.0,0.0
incons,396.9,0.0,8.98296,1.2852,18.1,incons,0.659,20.2,27.9,24.0,5.608,666.0,0.0
97.9,396.9,0.0,7.40389,1.4547,18.1,26.4,0.597,20.2,17.2,incons,7.0678392094017095,666.0,0.0
100.0,396.9,0.0,8.98296,1.4655,27.74,19.78,0.597,20.2,27.5,24.0,6.852,666.0,0.0
100.0,396.9,incons,8.98296,1.413,18.1,10.11,0.597,20.2,incons,24.0,5.757,666.0,0.0
100.0,396.9,incons,8.98296,1.5275,18.1,12.722463976793248,0.597,20.2,17.2,24.0,6.657,666.0,0.0
100.0,396.9,0.0,8.98296,1.5539,18.1,31.99,0.597,20.2,17.9,24.0,incons,666.0,0.0
100.0,347.940819685518,0.0,8.98296,1.5894,18.1,20.08,incons,20.2,16.3,24.0,7.929,666.0,0.0
100.0,396.9,0.0,8.98296,1.6582,18.1,31.99,0.693,22.0,7.0,24.0,7.929,666.0,0.0
100.0,incons,incons,8.98296,1.8347,18.1,29.05,0.871,20.2,7.2,24.0,6.434,666.0,0.0
90.8,396.9,0.0,8.98296,1.8195,18.1,25.79,0.679,20.2,7.5,24.0,6.782,666.0,0.0
89.1,396.9,0.0,8.98296,1.6475,18.1,26.64,0.679,20.2,10.4,24.0,5.304,666.0,11.736658902243589
67.2406574417373,396.9,0.0,8.98296,1.8026,18.1,20.62,0.679,20.2,8.8,24.0,5.957,666.0,0.0
76.5,396.9,0.0,8.98296,1.794,18.1,incons,0.718,20.2,8.4,24.0,6.824,666.0,0.0
100.0,347.94081968551797,0.0,8.98296,1.8589,incons,15.02,0.718,20.2,16.7,24.0,6.411,666.0,0.0
95.3,396.9,0.0,incons,1.8746,18.1,15.7,0.718,20.2,14.2,24.0,6.006,666.0,11.736658902243589
87.6,396.9,0.0,3.6513480672268903,1.9512,18.1,14.1,0.5602519832985384,20.2,20.8,24.0,5.648,666.0,0.0
85.1,396.9,0.0,7.05042,2.0218,27.74,23.29,0.614,20.2,13.4,24.0,6.103,incons,0.0
70.6,396.9,0.0,8.79212,2.0635,18.1,17.16,0.584,20.2,11.7,10.443470464135022,5.565,666.0,0.0
95.4,incons,0.0,8.98296,3.837241313559322,18.1,24.39,0.679,20.2,8.3,24.0,5.896,666.0,0.0
incons,396.9,0.0,8.98296,1.9976,18.1,15.69,0.584,20.2,10.2,24.0,5.837,666.0,0.0
67.24065744173728,396.9,0.0,8.98296,1.8629,18.1,14.52,0.679,20.2,10.9,24.0,6.202,666.0,0.0
78.1,396.9,0.0,7.36711,1.9356,18.1,21.52,0.679,20.2,11.0,24.0,6.193,666.0,0.0
95.6,396.9,0.0,8.98296,1.9682,18.1,24.08,incons,20.2,9.5,24.0,incons,666.0,30.0
86.1,396.9,0.0,incons,2.0527,18.1,17.64,0.584,20.2,14.5,24.0,6.348,666.0,0.0
94.3,396.9,0.0,8.98296,2.0882,11.205773486430063,19.69,0.584,20.2,14.1,24.0,6.833,666.0,0.0
74.8,incons,0.0,6.44405,2.2004,18.1,12.03,0.584,20.2,16.1,24.0,6.425,392.8254677754677,0.0
87.9,396.9,0.0,5.58107,2.3158,18.1,16.22,0.713,20.2,14.3,24.0,6.436,666.0,0.0
95.0,396.9,0.0,8.98296,2.2222,18.1,15.17,0.713,20.2,11.7,24.0,7.929,392.8254677754677,0.0
94.6,396.9,0.0,8.98296,2.1247,18.1,23.27,0.74,20.2,13.4,24.0,6.629,666.0,0.0
93.3,396.9,0.0,8.98296,2.0026,18.1,18.05,0.74,20.2,9.6,24.0,6.461,666.0,0.0
100.0,396.9,0.0,8.98296,1.9142,18.1,26.45,0.74,20.2,39.8,24.0,6.152,666.0,0.0
87.9,396.9,0.0,8.98296,1.8206,18.1,31.99,0.74,20.2,8.4,24.0,5.935,666.0,0.0
93.9,incons,0.0,8.98296,1.8172,18.1,22.88,0.74,20.2,12.8,24.0,5.627,392.82546777546776,0.0
92.4,391.45,0.0,8.98296,1.8662,18.1,22.11,0.74,20.2,10.5,24.0,5.818,666.0,0.0
97.2,385.96,0.0,8.98296,2.0651,18.1,19.52,0.74,20.2,17.1,24.0,6.406,666.0,0.0
100.0,395.69,0.0,5.66637,2.0048,18.1,16.59,0.74,20.2,18.4,24.0,6.219,666.0,0.0
100.0,386.73,0.0,8.98296,1.9784,18.1,18.85,0.74,20.2,15.4,24.0,incons,666.0,0.0
96.6,396.9,0.0,8.98296,1.8956,18.1,23.79,0.74,20.2,10.8,24.0,5.854,666.0,0.0
94.8,396.9,0.0,8.98296,1.9879,18.1,23.98,0.74,20.2,11.8,24.0,6.459,666.0,0.0
incons,396.9,0.0,6.28807,2.072,18.1,17.79,0.74,incons,14.9,24.0,6.341,666.0,11.73665890224359
96.6,388.52,0.0,8.98296,2.198,18.1,16.44,0.74,20.2,12.6,24.0,6.251,666.0,0.0
98.7,396.9,0.0,8.98296,2.2616,18.1,18.13,0.713,20.2,14.1,24.0,6.185,666.0,incons
67.2406574417373,396.9,0.0,7.52601,2.185,18.1,19.31,0.713,20.2,13.0,24.0,6.417,666.0,0.0
92.6,396.9,0.0,6.71772,2.3236,18.1,17.44,0.713,20.2,13.4,24.0,6.749,666.0,0.0
98.2,incons,0.0,5.44114,2.3552,18.1,17.73,0.713,20.2,39.8,24.0,6.655,666.0,incons
91.8,385.09,0.0,5.09017,2.3682,18.1,17.27,0.713,20.2,16.1,24.0,6.297,666.0,0.0
99.3,375.87,0.0,8.24809,2.4527,18.1,16.74,0.713,incons,17.8,24.0,7.393,666.0,0.0
94.1,incons,0.0,8.98296,2.4961,18.1,18.71,0.713,20.2,14.9,24.0,6.728,666.0,0.0
86.5,396.9,0.0,4.75237,2.4358,18.1,18.13,0.713,20.2,39.8,24.0,6.525,666.0,0.0
87.9,396.9,0.0,4.66883,2.5806,18.1,19.01,0.713,20.2,12.7,24.0,5.976,666.0,0.0
80.3,396.9,0.0,8.20058,2.7792,11.205773486430063,16.94,0.713,20.2,13.5,24.0,5.936,666.0,0.0
83.7,396.9,0.0,7.75223,2.7831,18.1,16.23,0.713,20.2,14.9,24.0,incons,666.0,0.0
84.4,396.9,0.0,6.80117,2.7175,18.1,14.7,0.713,20.2,20.0,24.0,6.081,666.0,0.0
90.0,396.9,0.0,3.6513480672268908,2.5975,18.1,16.42,0.713,20.2,16.4,24.0,6.701,-16.85,incons
88.4,391.43,0.0,3.69311,incons,18.1,14.65,0.713,20.2,17.7,24.0,6.376,666.0,11.73665890224359
83.0,396.9,0.0,incons,2.7344,18.1,13.99,0.713,20.2,22.560848237791937,24.0,6.317,666.0,0.0
89.9,393.82,0.0,5.82115,2.8016,18.1,10.29,0.713,20.2,20.2,24.0,6.513,392.82546777546776,0.0
65.4,396.9,0.0,7.83932,2.9634,18.1,13.22,0.655,20.2,21.4,24.0,6.209,incons,0.0
48.2,334.4,0.0,8.98296,3.0665,18.1,14.13,0.655,20.2,19.9,24.0,5.759,666.0,0.0
84.7,396.9,0.0,3.77498,2.8715,18.1,17.15,0.655,20.2,19.0,24.0,5.952,666.0,0.0
94.5,396.9,0.0,4.42228,2.5403,incons,21.32,0.584,20.2,19.1,24.0,6.003,666.0,0.0
71.0,368.74,0.0,8.98296,2.9084,18.1,18.13,0.58,20.2,19.1,24.0,5.926,666.0,0.0
incons,396.9,0.0,3.6513480672268908,2.8237,18.1,14.76,0.58,20.2,incons,24.0,5.713,40.75,0.0
84.0,396.9,0.0,4.34879,3.0334,18.1,16.29,incons,20.2,19.9,24.0,6.167,666.0,0.0
90.7,395.33,0.0,4.03841,3.0993,18.1,12.87,0.532,20.2,19.6,24.0,6.229,666.0,0.0
67.2406574417373,393.37,0.0,3.56868,2.8965,18.1,14.36,0.58,20.2,23.2,24.0,6.437,666.0,0.0
67.6,374.68,0.0,4.64689,2.5329,18.1,11.66,0.614,20.2,29.8,24.0,6.98,666.0,30.0
95.4,352.58,0.0,8.05579,9.2229,18.1,18.14,0.871,20.2,13.8,24.0,5.427,666.0,0.0
97.4,396.9,0.0,6.39312,2.206,18.1,31.99,0.584,20.2,13.3,incons,6.162,666.0,0.0
93.6,396.21,0.0,4.87141,2.3053,18.1,18.68,0.614,20.2,16.7,24.0,6.484,666.0,0.0
97.3,349.48,0.0,8.98296,2.1007,18.1,24.91,0.614,20.2,12.0,24.0,5.304,666.0,0.0
96.7,379.7,0.0,8.98296,2.1705,18.1,18.03,0.614,20.2,14.6,24.0,6.185,666.0,0.0
88.0,383.32,0.0,8.98296,1.9512,18.1,13.11,0.614,20.2,21.4,24.0,6.229,666.0,0.0
64.7,396.9,incons,5.82401,3.4242,18.1,10.74,0.532,20.2,23.0,24.0,7.929,666.0,0.0
74.9,393.07,0.0,5.70818,3.3317,18.1,7.74,0.532,20.2,incons,24.0,incons,666.0,0.0
77.0,395.28,0.0,5.73116,9.2229,18.1,7.01,0.532,20.2,25.0,24.0,7.061,666.0,0.0
40.3,392.92,0.0,incons,4.0983,18.1,10.42,0.532,20.2,21.8,24.0,5.762,666.0,0.0
41.9,370.73,0.0,2.37857,3.724,18.1,13.34,0.583,20.2,20.6,24.0,5.871,666.0,0.0
51.9,388.62,0.0,3.67367,3.9917,18.1,10.58,0.583,20.2,21.2,10.44347046413502,6.312,666.0,0.0
79.8,392.68,0.0,5.69175,3.5459,18.1,14.98,0.583,20.2,19.1,24.0,6.114,666.0,0.0
-13.1365625,388.22,incons,4.83567,3.1523,18.1,11.45,0.583,20.2,20.6,incons,5.905,40.75,0.0
92.7,395.09,0.0,0.15086,1.8209,27.74,18.06,0.609,20.1,39.8,4.0,7.067839209401709,711.0,0.0
98.3,344.05,0.0,0.18337,1.7554,incons,23.97,0.609,20.1,7.0,4.0,5.414,711.0,0.0
98.0,347.94081968551797,0.0,0.20746,1.8226,27.74,29.68,0.609,20.1,8.1,4.0,5.093,711.0,0.0
98.8,390.11,0.0,0.10574,1.8681,27.74,31.99,0.609,20.1,13.6,4.0,5.983,711.0,11.73665890224359
83.5,396.9,0.0,0.11132,2.1099,27.74,13.35,0.609,20.1,20.1,24.0,5.983,711.0,0.0
54.0,396.9,0.0,0.17331,2.3817,9.69,12.01,0.585,19.2,incons,6.0,5.707,391.0,0.0
42.6,396.9,0.0,0.27957,2.3817,9.69,13.59,0.585,19.2,24.5,6.0,5.926,incons,0.0
28.8,393.29,0.0,0.17899,9.2229,9.69,17.6,0.585,19.2,incons,24.0,5.67,391.0,30.0
72.9,396.9,0.0,0.2896,2.7986,9.69,21.14,0.585,19.2,19.7,6.0,5.39,391.0,incons
70.6,396.9,0.0,0.26838,2.8927,9.69,14.1,0.585,19.2,18.3,6.0,7.929,391.0,0.0
65.3,396.9,0.0,0.23912,2.4091,9.69,12.92,0.585,19.2,21.2,6.0,7.929,391.0,0.0
73.5,395.77,0.0,0.17783,2.3999,9.69,15.1,0.585,19.2,17.5,6.0,5.569,391.0,0.0
79.7,396.9,0.0,0.22438,2.4982,9.69,14.33,0.585,incons,16.8,6.0,6.027,391.0,0.0
69.1,391.99,0.0,3.6513480672268903,2.4786,11.93,9.67,0.573,21.0,22.4,1.0,6.593,273.0,0.0
76.7,396.9,0.0,0.04527,2.2875,incons,incons,0.573,21.0,39.8,1.0,6.12,273.0,0.0
91.0,396.9,0.0,3.6513480672268908,2.1675,11.93,5.64,0.573,21.0,23.9,1.0,6.976,273.0,0.0
89.3,393.45,0.0,0.10959,2.3889,11.93,31.99,0.573,21.0,22.0,10.443470464135022,6.794,273.0,0.0
80.8,396.9,0.0,0.04741,2.505,11.93,7.88,0.573,21.0,11.9,1.0,6.03,273.0,0.0
